id:ID,name,:LABEL
20,saving the world,Keyword
21,artificial intelligence,Keyword
22,man versus machine,Keyword
23,prophecy,Keyword
24,self sacrifice,Keyword
25,insurgence,Keyword
26,messias,Keyword
27,virtual reality,Keyword
52,computer,Keyword
53,future,Keyword
54,underground world,Keyword
55,hero,Keyword
56,world religion,Keyword
57,faith,Keyword
58,kung fu,Keyword
59,key,Keyword
60,precognition,Keyword
61,rave,Keyword
62,computer virus,Keyword
63,dream,Keyword
64,dying and death,Keyword
65,plato,Keyword
66,mission,Keyword
67,martial arts,Keyword
70,flying,Keyword
71,super computer,Keyword
72,fight,Keyword
73,killer robot,Keyword
74,philosophy,Keyword
75,rettung,Keyword
76,subway,Keyword
77,temple,Keyword
78,machine town,Keyword
79,truth,Keyword
80,fortuneteller,Keyword
81,sunlight,Keyword
111,transporter,Keyword
112,brothel,Keyword
113,boxer,Keyword
114,massage,Keyword
115,stolen money,Keyword
116,crime boss,Keyword
117,dance contest,Keyword
118,junkyard,Keyword
119,kamikaze,Keyword
120,ambiguous ending,Keyword
121,briefcase,Keyword
122,redemption,Keyword
123,heirloom,Keyword
124,pulp fiction,Keyword
125,reference to al green,Keyword
126,theft,Keyword
147,19th century,Keyword
148,clone,Keyword
149,20th century,Keyword
150,1850s,Keyword
151,actor playing multiple roles,Keyword
152,1930s,Keyword
153,1970s,Keyword
154,ensemble cast,Keyword
155,actress playing multiple roles,Keyword
156,year 2144,Keyword
157,year 1931,Keyword
158,year 1975,Keyword
159,restaurant,Keyword
160,violence,Keyword
161,diner,Keyword
162,gangster,Keyword
163,coffee,Keyword
164,torso cut in half,Keyword
165,chainsaw,Keyword
166,male sitting on a toilet,Keyword
167,bondage,Keyword
168,syringe,Keyword
169,hit by a car,Keyword
170,shop owner,Keyword
171,silencer,Keyword
172,homage,Keyword
173,voyeurism,Keyword
174,shouting,Keyword
175,corruption,Keyword
176,blockbuster,Keyword
177,shootout,Keyword
178,voyeur,Keyword
179,nurse,Keyword
180,silenced machine gun,Keyword
181,brushing teeth,Keyword
182,shot multiple times,Keyword
183,murder by gunshot,Keyword
184,famous line,Keyword
185,toaster,Keyword
186,muzzle,Keyword
187,running for your life,Keyword
188,knocked out with gun butt,Keyword
189,deception,Keyword
190,head blown off,Keyword
191,telling a joke,Keyword
192,forming a square in the air,Keyword
193,tongue piercing,Keyword
194,basement,Keyword
195,bible quote,Keyword
196,snorting cocaine,Keyword
197,talking to one's self in a mirror,Keyword
198,mullet,Keyword
199,controversy,Keyword
200,movie reference,Keyword
201,n word,Keyword
202,garden hose,Keyword
203,father son relationship,Keyword
204,held at gunpoint,Keyword
205,zentai,Keyword
206,implied cunnilingus,Keyword
207,blonde,Keyword
208,interruption,Keyword
209,male rape,Keyword
210,anal rape,Keyword
211,machine gun,Keyword
212,cult director,Keyword
213,chopper,Keyword
214,joke,Keyword
215,blowing a kiss,Keyword
216,hamburger,Keyword
217,shot in the leg,Keyword
218,actor director,Keyword
219,pack of money,Keyword
220,bar,Keyword
221,on the run,Keyword
222,person in car trunk,Keyword
223,interlinked stories,Keyword
224,drug dealer,Keyword
225,man wearing a pony tail,Keyword
226,actor director writer,Keyword
227,rape,Keyword
228,impersonating buddy holly,Keyword
229,pot smoking,Keyword
230,pawnshop,Keyword
231,shot in the face,Keyword
232,bullet hole,Keyword
233,motorcycle,Keyword
234,uniform,Keyword
235,gay rape,Keyword
236,panties,Keyword
237,covered in blood,Keyword
238,gay sex,Keyword
239,strip club,Keyword
240,armed robbery,Keyword
241,loyalty,Keyword
242,afro,Keyword
243,two man army,Keyword
244,los angeles california,Keyword
245,lifting someone into the air,Keyword
246,restroom,Keyword
247,drug use,Keyword
248,organized crime,Keyword
249,problem solver,Keyword
250,cult film,Keyword
251,murder,Keyword
252,torture,Keyword
253,falling asleep,Keyword
254,marijuana joint,Keyword
255,shot in the head,Keyword
256,rescue,Keyword
257,machismo,Keyword
258,male in shower,Keyword
259,convertible,Keyword
260,director cameo,Keyword
261,gun held to head,Keyword
262,foot massage,Keyword
263,military dress uniform,Keyword
264,bloody mouth,Keyword
265,cocaine,Keyword
266,off screen murder,Keyword
267,wristwatch,Keyword
268,number 666,Keyword
269,gunshot wound,Keyword
270,uzi,Keyword
271,coming of age,Keyword
272,blood stain,Keyword
273,buddy,Keyword
274,double cross,Keyword
275,sprayed with water,Keyword
276,blue panties,Keyword
277,accidental shooting,Keyword
278,bare feet,Keyword
279,shot repeatedly,Keyword
280,robbery,Keyword
281,lingerie,Keyword
282,multiple storyline,Keyword
283,biblical passage,Keyword
284,body piercing,Keyword
285,car driving,Keyword
286,shot to death,Keyword
287,car crash,Keyword
288,eeny meeny miny moe,Keyword
289,phone booth,Keyword
290,oral sex,Keyword
291,mirror,Keyword
292,cardiac injection,Keyword
293,pump action shotgun,Keyword
294,nipples visible through clothing,Keyword
295,restaurant owner,Keyword
296,extreme closeup,Keyword
297,killed with a sword,Keyword
298,shot in the forehead,Keyword
299,neo noir,Keyword
300,gore,Keyword
301,code,Keyword
302,flashback humor,Keyword
303,girl in panties,Keyword
304,freeze frame,Keyword
305,milkshake,Keyword
306,wrestler,Keyword
307,sprite soda,Keyword
308,f word,Keyword
309,elevator,Keyword
310,cleavage,Keyword
311,white panties,Keyword
312,drug,Keyword
313,hit on the head,Keyword
314,boxing,Keyword
315,fool,Keyword
316,interrogation,Keyword
317,woman smoker,Keyword
318,injection into the heart,Keyword
319,fantasy sequence,Keyword
320,directed by co star,Keyword
321,fake blood,Keyword
322,shot through a wall,Keyword
323,impersonating a police officer,Keyword
324,husband wife relationship,Keyword
325,drug dealing,Keyword
326,nonlinear timeline,Keyword
327,corpse,Keyword
328,watching tv,Keyword
329,black suit clad killer,Keyword
330,gold watch,Keyword
331,assault,Keyword
332,male nudity,Keyword
333,no background score,Keyword
334,telephone call,Keyword
335,sex slave,Keyword
336,shower,Keyword
337,tuxedo,Keyword
338,bound and gagged,Keyword
339,impersonating mamie van doren,Keyword
340,shot in the chest,Keyword
341,hit in the face,Keyword
342,joint,Keyword
343,themed restaurant,Keyword
344,drugs,Keyword
345,claw hammer,Keyword
346,black comedy,Keyword
347,heroin,Keyword
348,prologue,Keyword
349,blood,Keyword
350,flashback,Keyword
351,pop tart,Keyword
352,riding motorcycle,Keyword
353,barefoot,Keyword
354,adrenaline,Keyword
355,chapterwise storytelling,Keyword
356,anti hero,Keyword
357,actress,Keyword
358,singing,Keyword
359,cult tv reference,Keyword
360,moral ambiguity,Keyword
361,tied to a chair,Keyword
362,mexican standoff,Keyword
363,two killers,Keyword
364,intercom,Keyword
365,drug snorting,Keyword
366,taxi,Keyword
367,impersonating marilyn monroe,Keyword
368,near death experience,Keyword
369,cocaine snorting,Keyword
370,multiple time frames,Keyword
371,blood on shirt,Keyword
372,robber,Keyword
373,blood spatter,Keyword
374,upskirt,Keyword
375,scantily clad female,Keyword
376,piercing,Keyword
377,talking while driving,Keyword
378,multiple perspectives,Keyword
379,homosexual rape,Keyword
380,shot in the arm,Keyword
381,rolling a joint,Keyword
382,shot in the crotch,Keyword
383,female bare feet,Keyword
384,slot car racing,Keyword
385,revenge,Keyword
386,secret briefcase,Keyword
387,celebrity impersonator,Keyword
388,macguffin,Keyword
389,male wearing an earring,Keyword
390,apartment building,Keyword
391,cup of coffee,Keyword
392,humiliation,Keyword
393,phonograph,Keyword
394,caged human,Keyword
395,nosebleed,Keyword
396,two on a motorcycle,Keyword
397,postmodern,Keyword
398,reading book,Keyword
399,number in character's name,Keyword
400,secret code,Keyword
401,bathroom,Keyword
402,rapist,Keyword
403,military officer,Keyword
404,sexual reference,Keyword
405,fixed fight,Keyword
406,knocked out,Keyword
407,vietnam veteran,Keyword
408,mini dress,Keyword
409,alarm,Keyword
410,male with long hair,Keyword
411,automatic weapon,Keyword
412,trophy,Keyword
413,katana,Keyword
414,foot chase,Keyword
415,wallet,Keyword
416,katana sword,Keyword
417,crime gone awry,Keyword
418,racial slur,Keyword
419,baseball bat,Keyword
420,punched in the face,Keyword
421,gold,Keyword
422,blood on face,Keyword
423,collision course,Keyword
424,overdose,Keyword
425,twist the dance,Keyword
426,brutality,Keyword
427,hitman,Keyword
428,ball gag,Keyword
429,chapter headings,Keyword
430,drug addiction,Keyword
431,gourmet,Keyword
432,car accident,Keyword
433,impersonating ed sullivan,Keyword
434,slurping a drink with a straw,Keyword
435,gun held to one's head,Keyword
436,some scenes in black and white,Keyword
437,cunnilingus,Keyword
438,gun,Keyword
439,drug overdose,Keyword
440,head wound,Keyword
441,killed with a gun,Keyword
442,leather mask,Keyword
443,bullet wound,Keyword
444,african american,Keyword
445,accidental killing,Keyword
446,motel,Keyword
447,abdomen slashed,Keyword
448,watching the three stooges,Keyword
449,finger gun,Keyword
450,boyfriend girlfriend relationship,Keyword
451,surrender,Keyword
452,shotgun,Keyword
453,zippo lighter,Keyword
454,long take,Keyword
455,divine intervention,Keyword
467,1960s,Keyword
468,1940s,Keyword
469,1950s,Keyword
470,police brutality,Keyword
493,love at first sight,Keyword
494,loss of father,Keyword
511,blut,Keyword
512,italo-american,Keyword
513,cuba,Keyword
514,praise,Keyword
527,bounty hunter,Keyword
528,refugee,Keyword
529,1860s,Keyword
530,gallows,Keyword
531,army,Keyword
552,chaos,Keyword
553,gotham city,Keyword
554,joker,Keyword
555,sadism,Keyword
556,crime fighter,Keyword
557,superhero,Keyword
558,vigilante,Keyword
559,batman,Keyword
560,based on comic,Keyword
561,secret identity,Keyword
562,tragic hero,Keyword
563,super villain,Keyword
581,burglar,Keyword
582,mayor,Keyword
583,hostage drama,Keyword
584,time bomb,Keyword
585,legend,Keyword
586,cover up,Keyword
587,villainess,Keyword
588,terrorism,Keyword
589,destruction,Keyword
590,fictional city,Keyword
591,cat burglar,Keyword
592,statue,Keyword
593,flood,Keyword
594,hostage killed,Keyword
595,woman kills man,Keyword
596,football field,Keyword
597,criminal underworld,Keyword
612,concentration camp,Keyword
613,factory,Keyword
614,defense industry,Keyword
629,jurors,Keyword
630,court case,Keyword
631,court,Keyword
632,judge,Keyword
633,class,Keyword
634,group,Keyword
635,sultriness,Keyword
636,heat,Keyword
637,innocence,Keyword
638,death penalty,Keyword
639,father murder,Keyword
640,puertorican,Keyword
670,elves,Keyword
671,orcs,Keyword
672,middle-earth (tolkien),Keyword
673,suspicion,Keyword
674,bravery,Keyword
675,honor,Keyword
676,crushed to death,Keyword
677,robe,Keyword
678,troll,Keyword
679,sword and sorcery,Keyword
680,ghosts,Keyword
691,bare knuckle boxing,Keyword
692,support group,Keyword
693,dual identity,Keyword
694,nihilism,Keyword
695,support,Keyword
696,rage and hate,Keyword
697,insomnia,Keyword
701,dwarves,Keyword
702,hobbits,Keyword
703,mountains,Keyword
704,mirrow,Keyword
705,fireworks,Keyword
706,castle,Keyword
707,volcano,Keyword
708,password,Keyword
709,death of a friend,Keyword
729,space colony,Keyword
730,rebellion,Keyword
731,rebel,Keyword
732,space opera,Keyword
733,asteroid,Keyword
734,jedi,Keyword
735,snow storm,Keyword
736,spaceship,Keyword
747,loss of lover,Keyword
748,sleep,Keyword
749,defense mechanism,Keyword
765,individual,Keyword
766,psychater,Keyword
767,self-destruction,Keyword
768,wheelchair,Keyword
769,lunatic asylum,Keyword
794,seventies,Keyword
795,irish-american,Keyword
796,drug traffic,Keyword
799,explosive,Keyword
800,fort,Keyword
801,attack,Keyword
802,guide,Keyword
803,wizards,Keyword
804,cave,Keyword
816,galaxy,Keyword
817,hermit,Keyword
818,death star,Keyword
819,lightsaber,Keyword
820,empire,Keyword
821,jedi knight,Keyword
822,fourth part,Keyword
823,planet,Keyword
824,smuggler,Keyword
825,the force,Keyword
826,droid,Keyword
827,tractor beam,Keyword
828,stormtrooper,Keyword
829,totalitarianism,Keyword
830,love,Keyword
831,bus stop,Keyword
832,running,Keyword
833,bus,Keyword
834,simple man,Keyword
835,fishing,Keyword
836,jumping into water,Keyword
837,cornfield,Keyword
838,stock footage,Keyword
839,new york city,Keyword
840,single mother,Keyword
841,friendship,Keyword
842,loss of mother,Keyword
843,battle,Keyword
844,girl with glasses,Keyword
845,telling someone to shut up,Keyword
846,u.s. president,Keyword
847,character appears on a tv talk show,Keyword
848,son,Keyword
849,church,Keyword
850,serendipity,Keyword
851,assassination of president,Keyword
852,prayer,Keyword
853,handicap,Keyword
854,chocolate,Keyword
855,calling someone an idiot,Keyword
856,leg brace,Keyword
857,fainting,Keyword
858,climbing a tree,Keyword
859,medal of honor,Keyword
860,swimming,Keyword
861,splatter,Keyword
862,feather,Keyword
863,television news,Keyword
864,kindness,Keyword
865,nike,Keyword
866,disabled veteran,Keyword
867,grave,Keyword
868,male hits a female,Keyword
869,interracial friendship,Keyword
870,washington d.c.,Keyword
871,slow motion,Keyword
872,man hits a woman,Keyword
873,man with glasses,Keyword
874,hippie,Keyword
875,character appears on magazine cover,Keyword
876,doctor,Keyword
877,telling someone to run,Keyword
878,balcony,Keyword
879,mentally impaired,Keyword
880,father,Keyword
881,mother,Keyword
882,attempted suicide,Keyword
883,diving into water,Keyword
884,bully,Keyword
885,legless man,Keyword
886,told in flashback,Keyword
887,racism,Keyword
888,drug addict,Keyword
889,character repeats narrator's words,Keyword
890,fictional biography,Keyword
891,two word title,Keyword
892,park bench,Keyword
893,vietnam war veteran,Keyword
894,journey,Keyword
895,assembling a rifle,Keyword
896,war hero,Keyword
897,face slap,Keyword
898,loss of friend,Keyword
899,woman with glasses,Keyword
900,loss of virginity,Keyword
901,maid,Keyword
902,amputee,Keyword
903,death of friend,Keyword
904,based on book,Keyword
905,based on novel,Keyword
906,title spoken by character,Keyword
908,mafia,Keyword
909,wedding,Keyword
910,lawyer,Keyword
911,patriarch,Keyword
912,character repeating someone else's dialogue,Keyword
913,bronx new york city,Keyword
914,smashing a camera,Keyword
915,horse killed,Keyword
916,melancholy,Keyword
917,father daughter relationship,Keyword
918,paparazzi,Keyword
919,beating,Keyword
920,garrotting,Keyword
921,corrupt lawyer,Keyword
922,motion picture executive,Keyword
923,professional hit,Keyword
924,symbolism,Keyword
925,famous score,Keyword
926,strangulation,Keyword
927,vengeance,Keyword
928,open hydrant,Keyword
929,heart attack,Keyword
930,italian american,Keyword
931,exploding car,Keyword
932,revolving door,Keyword
933,pistol,Keyword
934,knife in hand,Keyword
935,hotel,Keyword
936,nudity,Keyword
937,marriage,Keyword
938,police corruption,Keyword
939,tommy gun,Keyword
940,mansion,Keyword
941,sicily italy,Keyword
942,police,Keyword
943,film producer,Keyword
944,gambling syndicate,Keyword
945,betrayal,Keyword
946,female underage nudity,Keyword
947,world war two veteran,Keyword
948,assassin,Keyword
949,murder of son,Keyword
950,thompson gun,Keyword
951,domestic violence,Keyword
952,shot in the eye,Keyword
953,crime family,Keyword
954,brother brother relationship,Keyword
955,character depth,Keyword
956,undertaker,Keyword
957,mercilessness,Keyword
958,shooting,Keyword
959,ethnic slur,Keyword
960,cop killer,Keyword
961,italy,Keyword
962,urination,Keyword
963,attorney,Keyword
964,cosa nostra,Keyword
965,broken rule,Keyword
966,female nudity,Keyword
967,shot in the back,Keyword
968,dartmouth college,Keyword
969,husband hits wife,Keyword
970,baptism,Keyword
971,cat,Keyword
972,subtitled scene,Keyword
973,funeral,Keyword
974,marital abuse,Keyword
975,las vegas nevada,Keyword
976,severed head,Keyword
977,teacher,Keyword
978,movie theater,Keyword
979,vegetable garden,Keyword
980,police officer shot in the neck,Keyword
981,ambush,Keyword
982,italian food,Keyword
983,dysfunctional family,Keyword
984,falling down stairs,Keyword
985,horse,Keyword
986,car bomb,Keyword
987,police officer shot,Keyword
988,elderly man,Keyword
989,part of trilogy,Keyword
990,gang war,Keyword
991,el train,Keyword
992,picture in newspaper,Keyword
993,convicted felon,Keyword
994,casino,Keyword
995,assassination,Keyword
996,first of series,Keyword
997,mob summit,Keyword
998,mob hit,Keyword
999,cemetery,Keyword
1000,village,Keyword
1001,knife,Keyword
1002,brother sister relationship,Keyword
1003,catholic church,Keyword
1004,double murder,Keyword
1005,loss of son,Keyword
1006,bare breasts,Keyword
1007,severed horse's head,Keyword
1008,criminal,Keyword
1009,adopted son,Keyword
1010,christmas,Keyword
1011,death,Keyword
1012,police officer killed,Keyword
1013,police officer shot in the head,Keyword
1014,tough guy,Keyword
1015,hospital,Keyword
1016,stable,Keyword
1017,no opening credits,Keyword
1018,manhattan new york city,Keyword
1019,tollbooth,Keyword
1020,extramarital affair,Keyword
1021,radio city music hall manhattan new york city,Keyword
1022,courtship,Keyword
1023,film set,Keyword
1024,catholic,Keyword
1025,breasts,Keyword
1026,widower,Keyword
1027,death of wife,Keyword
1028,bathtub,Keyword
1029,loss of wife,Keyword
1030,italian american cop,Keyword
1031,garrote,Keyword
1032,stabbed in the hand,Keyword
1033,shot through the eye,Keyword
1034,paraplegic,Keyword
1035,fbi,Keyword
1036,broken jaw,Keyword
1037,movie studio,Keyword
1038,corrupt cop,Keyword
1039,epic,Keyword
1040,assassination attempt,Keyword
1041,loss of husband,Keyword
1042,mob boss,Keyword
1043,ex soldier,Keyword
1044,family relationships,Keyword
1045,corleone italy,Keyword
1046,pregnant woman beaten,Keyword
1047,singer,Keyword
1048,sibling rivalry,Keyword
1049,wedding reception,Keyword
1050,magnus opus,Keyword
1051,protective male,Keyword
1052,mob violence,Keyword
1053,war veteran,Keyword
1054,traitor,Keyword
1055,crooked cop,Keyword
1056,character appears in newspaper,Keyword
1057,power,Keyword
1058,beaten with a belt,Keyword
1059,orange peel,Keyword
1060,revolver,Keyword
1061,fugitive,Keyword
1062,gang warfare,Keyword
1063,rise to power,Keyword
1064,fish,Keyword
1065,death of title character,Keyword
1066,shot in the throat,Keyword
1067,ex convict,Keyword
1068,telephone box,Keyword
1069,statue of liberty new york city,Keyword
1070,invalid,Keyword
1071,protection racket,Keyword
1078,teenage daughter,Keyword
1079,sexy woman,Keyword
1080,desperation,Keyword
1081,car chase,Keyword
1082,central intelligence agency,Keyword
1083,bicycle,Keyword
1084,femme fatale,Keyword
1085,paris france,Keyword
1086,dance lesson,Keyword
1087,american abroad,Keyword
1088,cia agent,Keyword
1089,terminal illness,Keyword
1090,father daughter dance,Keyword
1091,singing in a car,Keyword
1092,terminal cancer,Keyword
1093,prom,Keyword
1109,number in title,Keyword
1110,second part,Keyword
1111,based on comic book,Keyword
1112,imax,Keyword
1113,based on graphic novel,Keyword
1114,3 dimensional,Keyword
1115,prequel,Keyword
1116,digit in title,Keyword
1117,dark horse comics,Keyword
1135,fbi agent,Keyword
1136,new jersey,Keyword
1137,con artist,Keyword
1138,lesbian kiss,Keyword
1139,telephone conversation,Keyword
1140,umbrella,Keyword
1141,painting,Keyword
1142,luxury hotel,Keyword
1143,reference to cosmopolitan magazine,Keyword
1144,cheating husband,Keyword
1145,hand on thigh,Keyword
1146,u.s. congressman,Keyword
1147,reference to richard nixon,Keyword
1148,fire,Keyword
1149,drunk wife,Keyword
1150,long island new york,Keyword
1151,angry woman,Keyword
1152,wife meets mistress,Keyword
1153,lens flare,Keyword
1154,critically acclaimed,Keyword
1155,vinyl record,Keyword
1156,teasing,Keyword
1157,adultery,Keyword
1158,burlesque dancer,Keyword
1159,execution,Keyword
1160,box office hit,Keyword
1161,pool party,Keyword
1162,hair curlers,Keyword
1163,entrapment,Keyword
1164,microwave,Keyword
1165,museum,Keyword
1166,mobster,Keyword
1167,mother son relationship,Keyword
1168,stripper,Keyword
1169,butt slap,Keyword
1170,double identity,Keyword
1171,adulterous husband,Keyword
1172,burlesque theater,Keyword
1173,arabic,Keyword
1174,disguise,Keyword
1175,fake british accent,Keyword
1176,smoking,Keyword
1177,scene before opening credits,Keyword
1178,scheme,Keyword
1179,reference to duke ellington,Keyword
1180,lost friend,Keyword
1181,manipulation,Keyword
1182,unexpected kiss,Keyword
1183,sitting on a toilet,Keyword
1184,u.s. senator,Keyword
1185,toilet stall,Keyword
1186,english accent,Keyword
1187,turning against friends,Keyword
1188,breaking a window,Keyword
1189,fraud,Keyword
1190,rainy day,Keyword
1191,expensive gift,Keyword
1192,politician,Keyword
1193,private jet,Keyword
1194,video surveillance,Keyword
1195,bilingualism,Keyword
1196,forgery,Keyword
1197,dry cleaners,Keyword
1198,camden new jersey,Keyword
1199,fake accent,Keyword
1200,wire fraud,Keyword
1201,fbi chief,Keyword
1202,divorce,Keyword
1203,drunk woman,Keyword
1204,bribery,Keyword
1205,side boob,Keyword
1206,wives and girlfriends,Keyword
1207,italian mafia,Keyword
1208,female sitting on a toilet,Keyword
1209,true identity revealed,Keyword
1210,fbi investigation,Keyword
1211,year 1978,Keyword
1212,narrated by character,Keyword
1213,young version of character,Keyword
1214,reference to meyer lansky,Keyword
1215,hotel suite,Keyword
1216,sting operation,Keyword
1217,new identity,Keyword
1218,briefcase full of money,Keyword
1219,public toilet,Keyword
1220,blue balls,Keyword
1221,reference to jimmy carter,Keyword
1222,betrayal of husband,Keyword
1223,phony english accent,Keyword
1224,nightclub,Keyword
1225,toilet,Keyword
1226,bare chested male,Keyword
1227,wire transfer,Keyword
1228,bag over head,Keyword
1229,women kissing,Keyword
1230,scam,Keyword
1231,written by director,Keyword
1232,false identity,Keyword
1233,nail polish,Keyword
1234,atlantic city new jersey,Keyword
1235,slow motion scene,Keyword
1236,arrest,Keyword
1237,women's toilet,Keyword
1238,party,Keyword
1239,character says i love you,Keyword
1240,police investigation,Keyword
1259,aftercreditsstinger,Keyword
1260,queen,Keyword
1261,princess,Keyword
1262,snowman,Keyword
1263,snow,Keyword
1264,curse,Keyword
1265,mountain climber,Keyword
1266,mountain,Keyword
1267,reindeer,Keyword
1268,magic,Keyword
1269,ice,Keyword
1270,bechdel test passed,Keyword
1271,clumsy girl,Keyword
1272,villain arrested,Keyword
1273,despair,Keyword
1274,person in ice,Keyword
1275,sister love,Keyword
1276,treason,Keyword
1277,scene after end credits,Keyword
1278,cold,Keyword
1279,based on fairy tale,Keyword
1280,cheating death,Keyword
1281,one word title,Keyword
1282,girl,Keyword
1283,orphan,Keyword
1284,sacrifice,Keyword
1285,deceiver,Keyword
1286,falsely accused,Keyword
1287,infatuation,Keyword
1288,hopeless romantic,Keyword
1289,disney animated feature,Keyword
1290,surprise after end credits,Keyword
1291,cliff,Keyword
1292,isolation,Keyword
1300,space,Keyword
1301,trapped in space,Keyword
1302,space mission,Keyword
1303,oxygen,Keyword
1304,medical engineer,Keyword
1305,satellite,Keyword
1306,astronaut,Keyword
1307,adrift in space,Keyword
1308,space station,Keyword
1309,survival,Keyword
1310,disaster,Keyword
1311,spacewalk,Keyword
1312,space shuttle,Keyword
1313,race against time,Keyword
1314,nasa,Keyword
1315,alone against the odds,Keyword
1316,hyperventilation,Keyword
1317,fire extinguisher,Keyword
1318,subjective camera,Keyword
1319,houston texas,Keyword
1320,hallucination,Keyword
1321,space debris,Keyword
1322,marooned,Keyword
1323,panic,Keyword
1324,outer space,Keyword
1325,soliloquy,Keyword
1326,woman with tragic history,Keyword
1327,dream sequence,Keyword
1328,weightlessness,Keyword
1329,lack of oxygen,Keyword
1330,hole in the head,Keyword
1331,lack of gravity,Keyword
1332,tension,Keyword
1333,sole survivor,Keyword
1334,minimal cast,Keyword
1335,title at the end,Keyword
1336,metaphor,Keyword
1337,zero gravity,Keyword
1338,parachute,Keyword
1339,technology,Keyword
1340,wrench,Keyword
1341,underwater scene,Keyword
1342,can opener,Keyword
1343,earth viewed from space,Keyword
1344,reference to marvin the martian,Keyword
1345,kessler syndrome,Keyword
1346,fear,Keyword
1347,character's point of view camera shot,Keyword
1348,one day,Keyword
1349,death of daughter,Keyword
1350,radio,Keyword
1351,spinning through space,Keyword
1352,spacesuit,Keyword
1353,film starts with text,Keyword
1354,frog,Keyword
1355,bolt,Keyword
1383,lego,Keyword
1384,superman,Keyword
1385,toys,Keyword
1386,altered version of studio logo,Keyword
1387,office building,Keyword
1388,wizard,Keyword
1389,dc comics,Keyword
1390,dual personality,Keyword
1391,chase,Keyword
1392,ghost,Keyword
1393,based on toy,Keyword
1394,no title at beginning,Keyword
1395,hobby,Keyword
1396,teenage mutant ninja turtles,Keyword
1397,twist at the end,Keyword
1398,couch,Keyword
1399,blind man,Keyword
1400,evil businessman,Keyword
1401,robot,Keyword
1402,glue,Keyword
1403,good cop bad cop,Keyword
1404,cowboy,Keyword
1405,saloon,Keyword
1406,cyborg,Keyword
1407,parallel worlds,Keyword
1408,pirate ship,Keyword
1409,pirate,Keyword
1410,construction worker,Keyword
1411,pig,Keyword
1424,robocop,Keyword
1425,sci fi movie remake,Keyword
1426,drone,Keyword
1427,rice field,Keyword
1428,abandoned factory,Keyword
1429,warehouse,Keyword
1430,computer chip,Keyword
1431,lasersight,Keyword
1432,pentagon,Keyword
1433,car motorcycle chase,Keyword
1434,police chief,Keyword
1435,detective,Keyword
1436,reboot of series,Keyword
1437,back from the dead,Keyword
1438,taser,Keyword
1439,investigation,Keyword
1440,robot suit,Keyword
1441,training,Keyword
1442,social commentary,Keyword
1443,explosion,Keyword
1444,surveillance,Keyword
1445,electrocution,Keyword
1446,seizure,Keyword
1447,burn victim,Keyword
1448,gunfight,Keyword
1449,china,Keyword
1450,hand grenade,Keyword
1451,futuristic,Keyword
1452,virtuality,Keyword
1453,helicopter,Keyword
1454,action hero,Keyword
1455,stylized violence,Keyword
1456,shaky cam,Keyword
1457,washington monument,Keyword
1458,hostage,Keyword
1459,maverick cop,Keyword
1460,attempted murder,Keyword
1461,one man army,Keyword
1462,escape,Keyword
1463,exposed brain,Keyword
1464,police detective,Keyword
1465,gun fu,Keyword
1466,senator,Keyword
1467,combat,Keyword
1468,idealism,Keyword
1469,hologram,Keyword
1470,high tech,Keyword
1471,press conference,Keyword
1472,tough cop,Keyword
1473,filmed killing,Keyword
1474,urban setting,Keyword
1475,rooftop,Keyword
1476,general,Keyword
1477,parking garage,Keyword
1478,arms dealer,Keyword
1479,armory,Keyword
1480,islamic terrorism,Keyword
1481,dark hero,Keyword
1482,android,Keyword
1483,tehran iran,Keyword
1484,meth lab,Keyword
1485,resurrection,Keyword
1486,jumping from height,Keyword
1487,ak 47,Keyword
1488,exploding body,Keyword
1489,security camera,Keyword
1490,disobeying orders,Keyword
1491,mind control,Keyword
1492,moral dilemma,Keyword
1493,mercenary,Keyword
1494,female cop,Keyword
1495,laboratory,Keyword
1496,warrior,Keyword
1497,child in peril,Keyword
1498,giant robot,Keyword
1499,night vision goggles,Keyword
1500,brain surgery,Keyword
1501,motorcycle cop,Keyword
1502,falling from height,Keyword
1503,ceo,Keyword
1504,heavy rain,Keyword
1505,scientist,Keyword
1506,war on terrorism,Keyword
1507,super speed,Keyword
1508,cyberpunk,Keyword
1509,megacorporation,Keyword
1510,detroit michigan,Keyword
1511,law enforcement,Keyword
1512,newspaper headline,Keyword
1513,remake of american film,Keyword
1514,news reporter,Keyword
1515,ethics,Keyword
1516,metal arm,Keyword
1517,partner,Keyword
1518,assault rifle,Keyword
1519,guitar,Keyword
1520,science,Keyword
1521,undercover cop,Keyword
1522,american flag,Keyword
1523,tracking device,Keyword
1524,politics,Keyword
1525,hidden gun,Keyword
1526,x rayed skeleton,Keyword
1527,suburbia,Keyword
1528,dual wield,Keyword
1529,near future,Keyword
1530,grenade launcher,Keyword
1531,police vigilantism,Keyword
1532,suicide bomber,Keyword
1533,presumed dead,Keyword
1534,media coverage,Keyword
1535,armored car,Keyword
1536,2020s,Keyword
1537,police station,Keyword
1538,undercover,Keyword
1539,bleeped dialogue,Keyword
1540,bullet time,Keyword
1541,swat team,Keyword
1542,remake,Keyword
1543,white house,Keyword
1544,jumping through a window,Keyword
1545,cameraman,Keyword
1546,tv personality,Keyword
1547,news report,Keyword
1548,cell phone,Keyword
1549,fight the system,Keyword
1561,operating system,Keyword
1562,writer,Keyword
1563,best friend,Keyword
1564,playing video game,Keyword
1565,lonely man,Keyword
1566,ex husband ex wife relationship,Keyword
1567,actress shares first name with character,Keyword
1568,produced by director,Keyword
1569,pronoun in title,Keyword
1570,jealousy,Keyword
1571,smoke rising from manhole,Keyword
1572,woman in lingerie,Keyword
1573,phone sex,Keyword
1574,beach,Keyword
1575,flashback sequence,Keyword
1576,falling down,Keyword
1577,sparkler,Keyword
1578,relationship problems,Keyword
1579,profanity,Keyword
1580,romance with artificial intelligence,Keyword
1581,manhole,Keyword
1582,mustache,Keyword
1583,computer tablet,Keyword
1584,signing divorce papers,Keyword
1585,surrogate,Keyword
1586,break up,Keyword
1587,video game,Keyword
1588,train ride,Keyword
1589,writing a letter,Keyword
1590,blind date,Keyword
1591,love letter,Keyword
1592,loneliness,Keyword
1593,los angeles skyline,Keyword
1594,awkwardness,Keyword
1595,masturbation,Keyword
1607,hiv,Keyword
1608,aids,Keyword
1609,biopic,Keyword
1610,fda,Keyword
1611,electrician,Keyword
1612,trial,Keyword
1613,clinical trial,Keyword
1614,hiv positive,Keyword
1615,gay,Keyword
1616,rodeo,Keyword
1617,treatment,Keyword
1618,gay community,Keyword
1619,transvestite,Keyword
1620,mexico,Keyword
1621,pharmaceuticals,Keyword
1622,dying man,Keyword
1623,redneck,Keyword
1624,vitamin,Keyword
1625,research,Keyword
1626,texas,Keyword
1627,aids test,Keyword
1628,emaciation,Keyword
1629,thinness,Keyword
1630,male underwear,Keyword
1631,weight loss,Keyword
1632,courthouse,Keyword
1633,alternative medicine,Keyword
1634,drip,Keyword
1635,customs officer,Keyword
1636,glasses,Keyword
1637,transgender,Keyword
1638,reference to ronald reagan,Keyword
1639,cowboy hat,Keyword
1640,prognosis,Keyword
1641,gay acceptance,Keyword
1642,drug prescription,Keyword
1643,horse riding,Keyword
1644,gay innuendo,Keyword
1645,year 1986,Keyword
1646,police officer,Keyword
1647,gay friend,Keyword
1648,briefs,Keyword
1649,homophobia,Keyword
1650,fatal disease,Keyword
1651,drug trial,Keyword
1652,trailer,Keyword
1653,transphobia,Keyword
1654,gay taunting,Keyword
1655,japan,Keyword
1656,threesome,Keyword
1657,year 1985,Keyword
1658,reference to marc bolan,Keyword
1659,reference to boy george,Keyword
1660,texan,Keyword
1661,gay couple,Keyword
1662,man crying,Keyword
1663,airplane,Keyword
1664,gay interest,Keyword
1665,hiv aids,Keyword
1666,gay character,Keyword
1667,illness,Keyword
1668,drag queen,Keyword
1669,crying man,Keyword
1670,dallas texas,Keyword
1671,1980s,Keyword
1672,fake priest,Keyword
1673,library,Keyword
1674,male rear nudity,Keyword
1675,occupational injury,Keyword
1676,aids activism,Keyword
1677,city name in title,Keyword
1678,border crossing,Keyword
1679,mortality,Keyword
1680,hospital gown,Keyword
1681,gay slur,Keyword
1682,u.s. mexican border,Keyword
1683,gay black man,Keyword
1684,coughing up blood,Keyword
1685,activist,Keyword
1686,what happened to epilogue,Keyword
1687,hiv test,Keyword
1688,pharmaceutical industry,Keyword
1689,gay bar,Keyword
1690,amsterdam netherlands,Keyword
1691,gay son,Keyword
1692,doctor patient relationship,Keyword
1707,sold into slavery,Keyword
1708,new york,Keyword
1709,slavery,Keyword
1710,slave,Keyword
1711,abolitionist,Keyword
1712,physical abuse,Keyword
1713,slave owner,Keyword
1714,rochester new york,Keyword
1715,cotton field,Keyword
1716,interracial marriage,Keyword
1717,slave trade,Keyword
1718,fiddle,Keyword
1719,infidelity,Keyword
1720,unfaithful husband,Keyword
1721,crying woman,Keyword
1722,forced to strip,Keyword
1723,male frontal nudity,Keyword
1724,year in title,Keyword
1725,cotton,Keyword
1726,whip,Keyword
1727,kidnapping,Keyword
1728,kidnapped man,Keyword
1729,hanging,Keyword
1730,whipping,Keyword
1731,interracial romance,Keyword
1732,male full frontal nudity,Keyword
1733,slave labor,Keyword
1734,plantation,Keyword
1735,sweat,Keyword
1736,jealous wife,Keyword
1737,master slave relationship,Keyword
1738,sex scene,Keyword
1739,social injustice,Keyword
1740,sexual abuse,Keyword
1741,grief,Keyword
1742,woman crying,Keyword
1743,hairy chest,Keyword
1744,1840s,Keyword
1745,escape from slavery,Keyword
1746,slave ship,Keyword
1747,interracial rape,Keyword
1748,louisiana,Keyword
1749,chains,Keyword
1750,undressing,Keyword
1751,film starts with sex,Keyword
1769,president,Keyword
1770,thief,Keyword
1771,radiation,Keyword
1772,secretary of defense,Keyword
1773,grenade,Keyword
1774,year 2159,Keyword
1775,healing,Keyword
1776,billionaire,Keyword
1777,body armor,Keyword
1778,illegal immigrant,Keyword
1779,one percenter,Keyword
1780,allegory,Keyword
1781,brawl,Keyword
1782,interracial relationship,Keyword
1783,22nd century,Keyword
1784,nun,Keyword
1785,spacecraft,Keyword
1786,corrupt official,Keyword
1787,machete,Keyword
1788,gun battle,Keyword
1789,christ allegory,Keyword
1790,title appears in writing,Keyword
1791,lifting person in air,Keyword
1792,place name in title,Keyword
1793,death of protagonist,Keyword
1794,looking at self in mirror,Keyword
1795,flash drive,Keyword
1796,implanted memory,Keyword
1797,sick child,Keyword
1798,coup,Keyword
1799,class conflict,Keyword
1800,home invasion,Keyword
1801,south african,Keyword
1802,2150s,Keyword
1803,stabbed in the stomach,Keyword
1804,deportation,Keyword
1805,stabbed in the chest,Keyword
1806,man punching a woman,Keyword
1807,bodyguard,Keyword
1808,overpopulation,Keyword
1809,advanced technology,Keyword
1810,dystopia,Keyword
1811,exploding ship,Keyword
1812,employer employee relationship,Keyword
1813,radiation poisoning,Keyword
1814,regeneration,Keyword
1815,child murder,Keyword
1816,surgery,Keyword
1817,stabbed in the neck,Keyword
1818,orphanage,Keyword
1819,exploding head,Keyword
1820,fist fight,Keyword
1821,stabbed with glass,Keyword
1822,swimming pool,Keyword
1823,main character dies,Keyword
1824,face blown off,Keyword
1825,death of hero,Keyword
1826,tattoo,Keyword
1827,slum,Keyword
1828,impalement,Keyword
1829,parole officer,Keyword
1830,forcefield,Keyword
1831,class differences,Keyword
1832,ecological disaster,Keyword
1833,secret agent,Keyword
1834,stabbed to death,Keyword
1835,2100s,Keyword
1836,crash landing,Keyword
1837,power armor,Keyword
1838,vomit,Keyword
1839,sword,Keyword
1840,devastated landscape,Keyword
1841,sociopath,Keyword
1842,unlikely hero,Keyword
1843,breaking a mirror,Keyword
1844,broken arm,Keyword
1845,dark future,Keyword
1846,spaceship crash,Keyword
1847,leukemia,Keyword
1848,brain machine interface,Keyword
1849,heist,Keyword
1850,mother daughter relationship,Keyword
1851,computer hacker,Keyword
1852,head ripped off,Keyword
1853,man kills woman,Keyword
1854,little girl,Keyword
1855,death of child,Keyword
1875,forest,Keyword
1876,teenager,Keyword
1877,quest,Keyword
1878,slug,Keyword
1879,dog,Keyword
1880,talking animal,Keyword
1881,helmet,Keyword
1882,bow and arrow,Keyword
1883,parchment,Keyword
1884,miniature person,Keyword
1885,giant,Keyword
1886,parkour,Keyword
1887,moon light,Keyword
1888,sole black character dies cliche,Keyword
1889,redhead,Keyword
1890,deer,Keyword
1891,ipod,Keyword
1892,death of queen,Keyword
1893,armor,Keyword
1894,sword fight,Keyword
1895,teenage girl,Keyword
1896,video camera,Keyword
1897,jump,Keyword
1898,female protagonist,Keyword
1899,tree,Keyword
1900,duel,Keyword
1901,swordsman,Keyword
1902,saddle,Keyword
1903,fictional war,Keyword
1904,bud,Keyword
1905,insect,Keyword
1906,shot with an arrow,Keyword
1907,hand to hand combat,Keyword
1908,flying bat,Keyword
1909,fantasy world,Keyword
1910,surveillance camera,Keyword
1911,moon,Keyword
1912,surprise attack,Keyword
1913,decay,Keyword
1914,love interest,Keyword
1915,mouse,Keyword
1916,final battle,Keyword
1917,mild violence,Keyword
1918,plant,Keyword
1919,sword and fantasy,Keyword
1920,bat,Keyword
1921,kiss,Keyword
1922,bird,Keyword
1923,pun,Keyword
1924,siege,Keyword
1925,little people,Keyword
1926,riding a bird,Keyword
1927,good versus evil,Keyword
1928,full moon,Keyword
1929,moonlight,Keyword
1930,shrinking,Keyword
1931,showdown,Keyword
1932,samurai sword,Keyword
1933,woman shot,Keyword
1934,staff,Keyword
1945,caveman,Keyword
1946,prehistory,Keyword
1947,tar,Keyword
1948,dinosaur,Keyword
1949,fall from height,Keyword
1950,neophobia,Keyword
1951,egg thief,Keyword
1952,boy meets girl,Keyword
1953,puppet,Keyword
1954,smoke,Keyword
1955,strict father,Keyword
1956,death of neighbor,Keyword
1957,monkey,Keyword
1958,wreckage,Keyword
1959,dreamworks animated film,Keyword
1960,curiosity,Keyword
1961,lava,Keyword
1962,girl meets guy,Keyword
1963,overprotective father,Keyword
1964,handprint,Keyword
1965,corn,Keyword
1966,burned,Keyword
1967,cave painting,Keyword
1968,earthquake,Keyword
1969,purring cat,Keyword
1970,torch,Keyword
1971,teenage girl in fur,Keyword
1972,skeleton,Keyword
1973,captive,Keyword
1974,sun,Keyword
1975,hunting,Keyword
1976,tradition versus modernity,Keyword
1977,scenic beauty,Keyword
1978,complaining,Keyword
1979,volcanic eruption,Keyword
1980,egg,Keyword
1981,hand over mouth,Keyword
1982,crevice,Keyword
1983,popcorn,Keyword
1984,carnivorous plant,Keyword
1985,homeless,Keyword
1986,stuck in tar,Keyword
1987,grandmother,Keyword
1988,flower,Keyword
1989,shell,Keyword
1990,conch horn,Keyword
1991,prehistoric man,Keyword
1992,idea,Keyword
1993,teen rebel,Keyword
1994,horn,Keyword
1995,firework,Keyword
1996,starfish,Keyword
1997,tiger,Keyword
1998,counting,Keyword
1999,animal costume,Keyword
2000,nyctophobia,Keyword
2001,story telling,Keyword
2002,shoe,Keyword
2003,sloth,Keyword
2004,rock climbing,Keyword
2005,labyrinth,Keyword
2006,whale,Keyword
2007,boy girl relationship,Keyword
2023,time travel,Keyword
2024,time machine,Keyword
2025,past,Keyword
2026,inventor,Keyword
2027,trojan horse,Keyword
2028,dancing,Keyword
2029,albert einstein,Keyword
2030,adoption,Keyword
2031,tutankhamun,Keyword
2032,time travelling machine,Keyword
2033,decapitation,Keyword
2034,mona lisa,Keyword
2035,talking dog,Keyword
2036,troy,Keyword
2037,black hole,Keyword
2038,space time continuum,Keyword
2039,ancient troy,Keyword
2040,loss of power,Keyword
2041,hypnosis,Keyword
2042,guillotine,Keyword
2043,historical event,Keyword
2044,french revolution,Keyword
2045,gluttony,Keyword
2046,ancient egypt,Keyword
2047,pharaoh,Keyword
2048,marie antoinette,Keyword
2049,egypt,Keyword
2050,leonardo da vinci,Keyword
2051,school,Keyword
2052,boyfriend,Keyword
2053,cake,Keyword
2054,playing music,Keyword
2077,shield,Keyword
2078,tesseract,Keyword
2079,thor,Keyword
2080,captain america,Keyword
2081,captain,Keyword
2082,iron man,Keyword
2083,soldier,Keyword
2084,super soldier,Keyword
2085,alien invasion,Keyword
2086,thunder,Keyword
2087,monster,Keyword
2088,alien,Keyword
2089,fictional government agency,Keyword
2090,evil sorcerer,Keyword
2091,super strength,Keyword
2092,marvel comic,Keyword
2093,hammer,Keyword
2094,grand central station manhattan new york city,Keyword
2095,shot with a bow and arrow,Keyword
2096,reference to stephen hawking,Keyword
2097,head butt,Keyword
2098,nuclear explosion,Keyword
2099,human alien,Keyword
2100,thrown through a wall,Keyword
2101,severed arm,Keyword
2102,exploding truck,Keyword
2103,alien race,Keyword
2104,laser gun,Keyword
2105,crashing through a window,Keyword
2106,prisoner,Keyword
2107,rivalry,Keyword
2108,fighting brothers,Keyword
2109,female agent,Keyword
2110,rescue mission,Keyword
2111,spear,Keyword
2112,transformation,Keyword
2113,invisibility,Keyword
2114,masked man,Keyword
2115,bank,Keyword
2116,street shootout,Keyword
2117,little black dress,Keyword
2118,space travel,Keyword
2119,mask,Keyword
2120,plane crash,Keyword
2121,mothership,Keyword
2122,philanthropist,Keyword
2123,sorcerer,Keyword
2124,rocket launcher,Keyword
2125,aircraft carrier,Keyword
2126,group name in title,Keyword
2127,beaten to death,Keyword
2128,body landing on a car,Keyword
2129,battleship,Keyword
2130,black eye patch,Keyword
2131,female assassin,Keyword
2132,spy,Keyword
2133,fistfight,Keyword
2134,secret government organization,Keyword
2135,sabotage,Keyword
2136,action heroine,Keyword
2137,disaster in new york,Keyword
2138,knife fight,Keyword
2139,costumed hero,Keyword
2140,walkie talkie,Keyword
2141,nuclear missile,Keyword
2142,jumping from an airplane,Keyword
2143,scene during end credits,Keyword
2144,gymnasium,Keyword
2145,one eyed man,Keyword
2146,exploding bus,Keyword
2147,marvel comics,Keyword
2148,ejector seat,Keyword
2149,title appears in text,Keyword
2150,eye patch,Keyword
2151,russian,Keyword
2152,invisibility cloak,Keyword
2153,female warrior,Keyword
2154,camera focus on female butt,Keyword
2155,fighter jet,Keyword
2156,beam of energy,Keyword
2157,national guard,Keyword
2158,alien attack,Keyword
2159,scepter,Keyword
2160,strong female character,Keyword
2161,marvel entertainment,Keyword
2162,cnn reporter,Keyword
2163,punching bag,Keyword
2164,returning character killed off,Keyword
2165,fighter pilot,Keyword
2166,humanity in peril,Keyword
2167,hitting a woman,Keyword
2168,portal,Keyword
2169,exploding plane,Keyword
2170,tough girl,Keyword
2171,hit with a chair,Keyword
2172,jumping from a plane without a parachute,Keyword
2173,masked hero,Keyword
2174,rocket,Keyword
2175,cameo,Keyword
2176,head mounted display,Keyword
2177,shapeshifting,Keyword
2178,government agent,Keyword
2179,immortal,Keyword
2180,wormhole,Keyword
2181,supernatural power,Keyword
2182,warrior race,Keyword
2183,eye scanning,Keyword
2184,eye gouging,Keyword
2185,exploding building,Keyword
2186,superheroine,Keyword
2187,costume,Keyword
2188,german,Keyword
2189,marvel cinematic universe,Keyword
2190,hit with a hammer,Keyword
2191,world domination,Keyword
2192,gatling gun,Keyword
2193,bell 206 jet ranger helicopter,Keyword
2194,tied up while barefoot,Keyword
2195,archer,Keyword
2196,banquet,Keyword
2197,reference to god,Keyword
2198,fish out of water,Keyword
2199,nuclear threat,Keyword
2200,stabbed in the back,Keyword
2201,bomb,Keyword
2202,hydra,Keyword
2203,stuttgart germany,Keyword
2204,teleportation,Keyword
2205,mixed martial arts,Keyword
2206,tied feet,Keyword
2207,adopted brother,Keyword
2208,kolkata india,Keyword
2209,handcuffed,Keyword
2210,missile,Keyword
2211,laser,Keyword
2212,power suit,Keyword
2213,fighting in the air,Keyword
2214,surprise during end credits,Keyword
2215,orchestra,Keyword
2216,chrysler building manhattan new york city,Keyword
2217,genius,Keyword
2218,cube,Keyword
2219,crushed by a car,Keyword
2220,helicopter crash,Keyword
2221,returning character with different actor,Keyword
2222,thrown through a window,Keyword
2223,superhero team,Keyword
2224,shape shifting alien,Keyword
2225,sequel,Keyword
2226,brooklyn bridge,Keyword
2227,2010s,Keyword
2228,lightning,Keyword
2229,battlefield,Keyword
2230,electromagnetic pulse,Keyword
2231,kneeling,Keyword
2247,witch,Keyword
2248,hansel and gretel,Keyword
2249,woods,Keyword
2250,witch hunter,Keyword
2251,witchcraft,Keyword
2252,sheriff,Keyword
2253,abduction,Keyword
2254,coven,Keyword
2255,axe,Keyword
2256,white witch,Keyword
2257,ruse,Keyword
2258,walking in the dark,Keyword
2259,head held under water,Keyword
2260,burned alive,Keyword
2261,crushed head,Keyword
2262,tavern,Keyword
2263,reward,Keyword
2264,ritual,Keyword
2265,man kicking a woman,Keyword
2266,steampunk,Keyword
2267,anti heroine,Keyword
2268,censored rape scene,Keyword
2269,scrapbook,Keyword
2270,dragged along the ground,Keyword
2271,self inflicted gunshot wound,Keyword
2272,thrown from a cliff,Keyword
2273,diabetes,Keyword
2274,semiautomatic crossbow,Keyword
2275,reflection in water,Keyword
2276,ally,Keyword
2277,injection,Keyword
2278,gothic,Keyword
2279,lost in the woods,Keyword
2280,old dark house,Keyword
2281,fan of a celebrity,Keyword
2282,person on fire,Keyword
2283,hit with a shovel,Keyword
2284,trap,Keyword
2285,pumpkin,Keyword
2286,diabetic,Keyword
2287,small town,Keyword
2288,human sacrifice,Keyword
2289,slow motion action scene,Keyword
2290,skinny dipping,Keyword
2291,burned at the stake,Keyword
2292,porridge,Keyword
2293,diabetic hero,Keyword
2294,immolation,Keyword
2295,woman stabbed,Keyword
2296,rifle,Keyword
2297,stabbed in the head,Keyword
2298,lair,Keyword
2299,witch burning,Keyword
2300,ampersand in title,Keyword
2301,superhuman strength,Keyword
2302,air battle,Keyword
2303,wisecrack humor,Keyword
2304,spontaneous combustion,Keyword
2305,potion,Keyword
2306,immunity,Keyword
2307,augsburg germany,Keyword
2308,sunrise,Keyword
2309,leather pants,Keyword
2310,stun gun,Keyword
2311,punched in the stomach,Keyword
2312,bonfire,Keyword
2313,lesson learned,Keyword
2314,cabin in the woods,Keyword
2315,desert,Keyword
2316,hero kills a woman,Keyword
2317,female rear nudity,Keyword
2318,falling from a tree,Keyword
2319,body torn apart,Keyword
2320,black blood,Keyword
2321,severed foot,Keyword
2322,five word title,Keyword
2323,waterfall,Keyword
2324,catfight,Keyword
2325,tracker,Keyword
2326,shot in the shoulder,Keyword
2327,woman kills woman,Keyword
2328,critically bashed,Keyword
2329,fireball,Keyword
2330,cut into pieces,Keyword
2331,hanged man,Keyword
2332,lantern,Keyword
2333,woman undressing,Keyword
2334,hung upside down,Keyword
2335,parents executed,Keyword
2336,accused of witchcraft,Keyword
2337,house fire,Keyword
2338,hanging upside down,Keyword
2339,broomstick,Keyword
2340,suspended by one leg,Keyword
2341,comic relief,Keyword
2342,woman punching a man,Keyword
2343,deputy,Keyword
2344,head crushed,Keyword
2345,dungeon,Keyword
2346,surrealism,Keyword
2347,witch hunt,Keyword
2348,missing person poster,Keyword
2349,forced suicide,Keyword
2350,stabbed in the leg,Keyword
2351,spell,Keyword
2352,kid outsmarts adult,Keyword
2353,burned to death,Keyword
2354,invulnerability,Keyword
2355,blood splatter,Keyword
2356,oven,Keyword
2357,farmer,Keyword
2358,dead woman with eyes open,Keyword
2359,black magic,Keyword
2360,falling in love,Keyword
2361,photograph,Keyword
2362,grindhouse,Keyword
2363,voice over narration,Keyword
2364,punctuation in title,Keyword
2365,broken nose,Keyword
2366,brass knuckles,Keyword
2367,hanged by the neck,Keyword
2368,double crossbow,Keyword
2369,insulin,Keyword
2370,female killer,Keyword
2371,supernatural,Keyword
2372,fractured fairy tale,Keyword
2373,ritual sacrifice,Keyword
2374,colon in title,Keyword
2375,picture of a missing child on a bottle of milk,Keyword
2376,milk delivery,Keyword
2377,eating a bug,Keyword
2378,evil witch,Keyword
2379,topless female nudity,Keyword
2380,sniper,Keyword
2381,dismemberment,Keyword
2382,multi barreled pistol,Keyword
2383,fight to the death,Keyword
2384,stabbed in the arm,Keyword
2385,gingerbread house,Keyword
2386,wanted poster,Keyword
2387,double barreled shotgun,Keyword
2388,exploding house,Keyword
2389,dark fantasy,Keyword
2390,sniper rifle,Keyword
2391,crossbow,Keyword
2392,sawed off shotgun,Keyword
2393,defibrillation,Keyword
2394,lynching,Keyword
2395,attempted rape,Keyword
2396,haunted by the past,Keyword
2397,minion,Keyword
2413,walled city,Keyword
2414,environmental,Keyword
2415,money falling through the air,Keyword
2416,tree cutting,Keyword
2417,deforestation,Keyword
2418,industry,Keyword
2419,computer animation,Keyword
2420,based on children's book,Keyword
2421,urban sprawl,Keyword
2445,dragon,Keyword
2446,the huns,Keyword
2447,luck,Keyword
2448,matchmaker,Keyword
2449,cricket,Keyword
2450,public humiliation,Keyword
2451,ancient china,Keyword
2452,letter,Keyword
2453,bo staff,Keyword
2454,nose picking,Keyword
2455,opening action scene,Keyword
2456,northern wei dynasty,Keyword
2457,female soldier,Keyword
2458,gender disguise,Keyword
2459,disney,Keyword
2460,flaming arrow,Keyword
2461,panda,Keyword
2462,friend,Keyword
2463,disarming someone,Keyword
2464,sexism,Keyword
2465,fire breathing dragon,Keyword
2466,woman dressed as a man,Keyword
2467,campfire,Keyword
2468,beacon,Keyword
2469,boot camp,Keyword
2470,army life,Keyword
2471,cartoon violence,Keyword
2472,impersonating a soldier,Keyword
2473,great wall of china,Keyword
2474,two thousand year old poem,Keyword
2475,wuxia fiction,Keyword
2476,impersonation,Keyword
2477,5th century,Keyword
2478,war wound,Keyword
2479,folklore,Keyword
2480,archery,Keyword
2481,kowtow,Keyword
2482,cross dressing,Keyword
2483,family dinner,Keyword
2484,based on poem,Keyword
2485,4th century,Keyword
2486,bathing,Keyword
2487,heroine,Keyword
2488,6th century,Keyword
2489,emperor,Keyword
2490,war violence,Keyword
2491,advisor,Keyword
2492,secretly in love,Keyword
2493,female fighter,Keyword
2494,avalanche,Keyword
2495,girl disguised as boy,Keyword
2496,villain,Keyword
2497,based on true story,Keyword
2511,king,Keyword
2512,demon,Keyword
2513,sin,Keyword
2514,danish,Keyword
2515,creature,Keyword
2516,promise,Keyword
2517,denmark,Keyword
2518,weakness,Keyword
2519,thane,Keyword
2520,kingdom,Keyword
2521,christianity,Keyword
2522,celebration,Keyword
2523,candlestick,Keyword
2524,human fallibility,Keyword
2525,burnt face,Keyword
2526,stabbed in the shoulder,Keyword
2527,memory,Keyword
2528,throat slitting,Keyword
2529,actor plays multiple roles,Keyword
2530,sadness,Keyword
2531,custom,Keyword
2532,stabbed in chest,Keyword
2533,burning city,Keyword
2534,feast,Keyword
2535,sailing ship,Keyword
2536,illegitimate son,Keyword
2537,origin of hero,Keyword
2538,slaughter,Keyword
2539,death by fire,Keyword
2540,falling off a cliff,Keyword
2541,deformity,Keyword
2542,mermaid,Keyword
2543,reenactment,Keyword
2544,expressionism,Keyword
2545,swimming competition,Keyword
2546,rite,Keyword
2547,battle axe,Keyword
2548,courage,Keyword
2549,heart ripped out,Keyword
2550,nude fight,Keyword
2551,arm ripped off,Keyword
2552,coronation,Keyword
2553,sea,Keyword
2554,leadership,Keyword
2555,trampled to death,Keyword
2556,wench,Keyword
2557,disfigurement,Keyword
2558,noble man,Keyword
2559,hospitality,Keyword
2560,loincloth,Keyword
2561,burning building,Keyword
2562,treasure chest,Keyword
2563,rafter,Keyword
2564,inheritance,Keyword
2565,burning church,Keyword
2566,claw,Keyword
2567,severed leg,Keyword
2568,female frontal nudity,Keyword
2569,obsession,Keyword
2570,sliced in two,Keyword
2571,bridge,Keyword
2572,necrophilia,Keyword
2573,storm,Keyword
2574,stabbed in the throat,Keyword
2575,treasure,Keyword
2576,cgi animation,Keyword
2577,test of character,Keyword
2578,death by sword,Keyword
2579,ship,Keyword
2580,animal attack,Keyword
2581,crown,Keyword
2582,rat,Keyword
2583,drinking,Keyword
2584,conquest,Keyword
2585,burial,Keyword
2586,drunkenness,Keyword
2587,motion capture,Keyword
2588,stabbing,Keyword
2589,eaten alive,Keyword
2590,stabbed in the eye,Keyword
2591,sex,Keyword
2592,hate,Keyword
2593,fortress,Keyword
2594,stabbed in the side,Keyword
2595,martyr,Keyword
2596,monster's den,Keyword
2597,axe in the head,Keyword
2598,monster child,Keyword
2599,raider,Keyword
2600,dagger,Keyword
2601,seacoast,Keyword
2602,suicide,Keyword
2603,ancient sword,Keyword
2604,dragon rider,Keyword
2605,saga,Keyword
2606,funeral rite,Keyword
2607,burned body,Keyword
2608,old english,Keyword
2609,desecration,Keyword
2610,golden horn,Keyword
2611,bare back,Keyword
2612,childlessness,Keyword
2613,retelling,Keyword
2614,beast's heart,Keyword
2615,drinking house,Keyword
2616,swamp,Keyword
2617,cannibalism,Keyword
2618,heir,Keyword
2619,avarice,Keyword
2620,fleet,Keyword
2621,dwarf,Keyword
2622,split in two,Keyword
2623,apology,Keyword
2624,frisian history,Keyword
2625,shame,Keyword
2626,ocean,Keyword
2627,spear through chest,Keyword
2628,servant,Keyword
2629,heart,Keyword
2630,seduction,Keyword
2631,priest,Keyword
2632,disembowelment,Keyword
2633,massacre,Keyword
2634,funeral pyre,Keyword
2635,ragnarok,Keyword
2636,hero worship,Keyword
2637,bleeding to death,Keyword
2638,mistress,Keyword
2639,sword throwing,Keyword
2640,norse,Keyword
2641,fame,Keyword
2642,buttocks,Keyword
2643,reflection,Keyword
2644,tragedy,Keyword
2645,meadhall,Keyword
2646,dark ages,Keyword
2647,500s,Keyword
2648,mutilation,Keyword
2649,viking,Keyword
2650,seductress,Keyword
2651,mythology,Keyword
2652,torn in half,Keyword
2653,character name in title,Keyword
2665,devil,Keyword
2666,soul,Keyword
2667,england,Keyword
2668,spaniard,Keyword
2669,monastery,Keyword
2670,puritan,Keyword
2671,fratricide,Keyword
2672,disowned,Keyword
2673,father son reunion,Keyword
2674,mercy killing,Keyword
2675,sorcery,Keyword
2676,brother vs brother,Keyword
2677,masked villain,Keyword
2678,threatened with a knife,Keyword
2679,golden coins,Keyword
2680,gash in the face,Keyword
2681,pagan,Keyword
2682,drifter,Keyword
2683,scar,Keyword
2684,stabbed through the chest,Keyword
2685,16th century,Keyword
2686,union jack,Keyword
2687,pit,Keyword
2688,cloak,Keyword
2689,traveller,Keyword
2690,body marking,Keyword
2691,animated credits,Keyword
2692,dead child,Keyword
2693,walking through fire,Keyword
2694,human in a cage,Keyword
2695,death of brother,Keyword
2696,murder of family,Keyword
2697,neck breaking,Keyword
2698,gothic horror,Keyword
2699,knife in the chest,Keyword
2700,grim reaper,Keyword
2701,inn,Keyword
2702,hanged body,Keyword
2703,horse drawn carriage,Keyword
2704,demonic possession,Keyword
2705,deal with the devil,Keyword
2706,scottish accent,Keyword
2707,hole in hand,Keyword
2708,frozen lake,Keyword
2709,1550s,Keyword
2710,giant monster,Keyword
2711,pile of gold,Keyword
2712,closing credits sequence,Keyword
2713,cloak and dagger,Keyword
2714,stabbed through back,Keyword
2715,hat,Keyword
2716,british,Keyword
2717,kidnapped girl,Keyword
2718,dark past,Keyword
2719,horse chase,Keyword
2720,prince,Keyword
2721,axe in the chest,Keyword
2722,axe murder,Keyword
2723,lord,Keyword
2724,eyes blown out,Keyword
2725,pushed from height,Keyword
2726,epilogue,Keyword
2727,revelation,Keyword
2728,patricide,Keyword
2729,river,Keyword
2730,crucifixion,Keyword
2731,reverse footage,Keyword
2732,evil spirit,Keyword
2733,crucifix,Keyword
2734,evil versus evil,Keyword
2735,brother against brother,Keyword
2736,scars on back,Keyword
2737,death of family,Keyword
2738,ship captain,Keyword
2739,1600s,Keyword
2740,long haired male,Keyword
2741,religion,Keyword
2742,blood on camera lens,Keyword
2743,bible,Keyword
2744,abbey,Keyword
2745,rainstorm,Keyword
2746,based on pulp magazine,Keyword
2747,undead,Keyword
2748,mud,Keyword
2749,last words,Keyword
2750,wilhelm scream,Keyword
2751,burning village,Keyword
2752,monk,Keyword
2753,head chopped off,Keyword
2754,healer,Keyword
2755,flaming sword,Keyword
2756,self mutilation,Keyword
2757,locket,Keyword
2758,scroll,Keyword
2759,north africa,Keyword
2760,covered wagon,Keyword
2761,murder of a child,Keyword
2762,dreadlocks,Keyword
2763,elizabethan era,Keyword
2764,tent,Keyword
2765,death of son,Keyword
2766,independent film,Keyword
2781,suspect,Keyword
2782,hungarian,Keyword
2783,hijacking,Keyword
2784,criminal mastermind,Keyword
2785,reference to albert einstein,Keyword
2786,killed in an elevator,Keyword
2787,lighter,Keyword
2788,loss of daughter,Keyword
2789,limping,Keyword
2790,world trade center,Keyword
2791,notice board,Keyword
2792,loss of family,Keyword
2793,reference to lee harvey oswald,Keyword
2794,limp,Keyword
2795,prison,Keyword
2796,multiple endings,Keyword
2797,funny accent,Keyword
2798,law,Keyword
2799,shot in back,Keyword
2800,dock,Keyword
2801,gold cigarette lighter,Keyword
2802,unreliable flashback,Keyword
2803,ship fire,Keyword
2804,translator,Keyword
2805,slitting the throat of a child,Keyword
2806,unreliable narration,Keyword
2807,breaking a car windshield,Keyword
2808,stream of fire,Keyword
2809,criminal fence,Keyword
2810,emerald,Keyword
2811,mystery man,Keyword
2812,reference to loch ness monster,Keyword
2813,fax machine,Keyword
2814,car fire,Keyword
2815,thieves falling out,Keyword
2816,drug lord,Keyword
2817,boy,Keyword
2818,lifting an adult into the air,Keyword
2819,masked criminal,Keyword
2820,gasoline,Keyword
2821,mind game,Keyword
2822,checking watch,Keyword
2823,urinating on a fire,Keyword
2824,realization,Keyword
2825,german shepherd,Keyword
2826,lifting a male into the air,Keyword
2827,sibling,Keyword
2828,reference to pope john paul ii,Keyword
2829,third degree burns,Keyword
2830,mystery villain,Keyword
2831,hundred dollar bill,Keyword
2832,heist gone wrong,Keyword
2833,cargo ship,Keyword
2834,sitting,Keyword
2835,wooden crate,Keyword
2836,harbor,Keyword
2837,mechanic,Keyword
2838,bulletin board,Keyword
2839,police badge,Keyword
2840,cigarette smoking,Keyword
2841,weapon,Keyword
2842,watch,Keyword
2843,murder of wife,Keyword
2844,mp5,Keyword
2845,lighting a cigarette,Keyword
2846,dead body in water,Keyword
2847,boeing 747,Keyword
2848,woman lawyer,Keyword
2849,multiple actors playing same role,Keyword
2850,black mask,Keyword
2851,irony,Keyword
2852,burying a body,Keyword
2853,relative,Keyword
2854,pretending not to be leader,Keyword
2855,pool hall,Keyword
2856,cityscape,Keyword
2857,box of money,Keyword
2858,murder in elevator,Keyword
2859,car,Keyword
2860,reference to elvis presley,Keyword
2861,dirty cop,Keyword
2862,year 1981,Keyword
2863,world trade center manhattan new york city,Keyword
2864,hiding,Keyword
2865,turkish mafia,Keyword
2866,secret character,Keyword
2867,locked in jail,Keyword
2868,cerebral palsy,Keyword
2869,myth,Keyword
2870,billiard table,Keyword
2871,burnt body,Keyword
2872,three word title,Keyword
2873,automobile,Keyword
2874,police sketch artist,Keyword
2875,paint shaker,Keyword
2876,evil,Keyword
2877,anonymous telephone call,Keyword
2878,recruiting,Keyword
2879,murder of daughter,Keyword
2880,homoerotic,Keyword
2881,camera shot of feet,Keyword
2882,customs,Keyword
2883,1990s,Keyword
2884,loss of child,Keyword
2898,train station,Keyword
2899,train,Keyword
2900,clock,Keyword
2901,automaton,Keyword
2902,mechanical man,Keyword
2903,secret,Keyword
2904,toy,Keyword
2905,french filmmaking,Keyword
2906,toy mouse,Keyword
2907,tools,Keyword
2908,child,Keyword
2909,camera,Keyword
2910,death of uncle,Keyword
2911,french film academy,Keyword
2912,spotlight,Keyword
2913,merry go round,Keyword
2914,tears,Keyword
2915,reference to the lumiere brothers,Keyword
2916,eiffel tower paris,Keyword
2917,photographer,Keyword
2918,applause,Keyword
2919,apprentice,Keyword
2920,palace of glass,Keyword
2921,holding hands,Keyword
2922,oil can,Keyword
2923,capture,Keyword
2924,steam,Keyword
2925,kiss on the cheek,Keyword
2926,pastry,Keyword
2927,reference to douglas fairbanks,Keyword
2928,reference to neverland,Keyword
2929,post world war one,Keyword
2930,actor,Keyword
2931,world war one,Keyword
2932,fake dragon,Keyword
2933,reference to david copperfield the novel,Keyword
2934,clockwork,Keyword
2935,theatre audience,Keyword
2936,cafe,Keyword
2937,circular staircase,Keyword
2938,toy soldier,Keyword
2939,being followed,Keyword
2940,looking through a keyhole,Keyword
2941,clock tower,Keyword
2942,child's point of view,Keyword
2943,standing on a chair,Keyword
2944,uncle nephew relationship,Keyword
2945,telephone,Keyword
2946,theatre,Keyword
2947,dog biting someone's pant leg,Keyword
2948,reference to oz,Keyword
2949,dead brother,Keyword
2950,film restoration,Keyword
2951,reference to charley chase,Keyword
2952,toy store,Keyword
2953,underfoot shot,Keyword
2954,reason for living,Keyword
2955,montage,Keyword
2956,destroying property,Keyword
2957,film director,Keyword
2958,shoe heel,Keyword
2959,winding a clock,Keyword
2960,wicker basket,Keyword
2961,author,Keyword
2962,embarrassment,Keyword
2963,writing,Keyword
2964,pleading with praying hands,Keyword
2965,year 1895,Keyword
2966,godfather goddaughter relationship,Keyword
2967,following someone,Keyword
2968,saving a life,Keyword
2969,reference to jean valjean,Keyword
2970,sliding down a pole,Keyword
2971,filmmaking,Keyword
2972,counting steps as ascending,Keyword
2973,smelling a flower,Keyword
2974,gears,Keyword
2975,loudspeaker,Keyword
2976,dropping a wrench,Keyword
2977,graveyard,Keyword
2978,nightshirt,Keyword
2979,film preservation,Keyword
2980,drawings floating in the air,Keyword
2981,doberman pinscher,Keyword
2982,drawing,Keyword
2983,sliding between someone's legs,Keyword
2984,movie poster,Keyword
2985,godmother goddaughter relationship,Keyword
2986,film historian,Keyword
2987,message from dead father,Keyword
2988,falling off a broken chair,Keyword
2989,dancer,Keyword
2990,broken chair,Keyword
2991,flower lady,Keyword
2992,girl trampled upon,Keyword
2993,film projector,Keyword
2994,shushing someone in a library,Keyword
2995,name in title,Keyword
2996,snowing,Keyword
2997,notebook,Keyword
2998,happiness,Keyword
2999,policeman,Keyword
3000,long underwear,Keyword
3001,character says thank you,Keyword
3002,fake beard,Keyword
3003,train station guard,Keyword
3004,wearing clothes in a bathtub,Keyword
3005,purpose in life,Keyword
3006,reference to christina rossetti,Keyword
3007,climbing a wall,Keyword
3008,picking a lock,Keyword
3009,sense of time,Keyword
3010,drink,Keyword
3011,poetry,Keyword
3012,card trick,Keyword
3013,makeup,Keyword
3014,silent movie,Keyword
3015,doberman,Keyword
3016,footlights,Keyword
3017,reference to treasure island the novel,Keyword
3018,book,Keyword
3019,glass building,Keyword
3020,toy repair,Keyword
3021,bath,Keyword
3022,boy on a ledge,Keyword
3023,reference to hal roach,Keyword
3024,pen,Keyword
3025,reading,Keyword
3026,enchanted castle,Keyword
3027,train engine,Keyword
3028,crying,Keyword
3029,armoire,Keyword
3030,reference to neptune,Keyword
3031,muse,Keyword
3032,scavenger,Keyword
3033,flask,Keyword
3034,magician's assistant,Keyword
3035,hanging from a clock,Keyword
3036,reference to harold lloyd,Keyword
3037,reference to rudolph valentino,Keyword
3038,silent filmmaking,Keyword
3039,magic trick,Keyword
3040,enigma,Keyword
3041,dream within a dream within a dream,Keyword
3042,mechanical heart,Keyword
3043,machine,Keyword
3044,reference to buster keaton,Keyword
3045,reference to flanders,Keyword
3046,falling,Keyword
3047,film history,Keyword
3048,watching a movie,Keyword
3049,nightmare,Keyword
3050,trust,Keyword
3051,dead parents,Keyword
3052,train wreck,Keyword
3053,ladder,Keyword
3054,dachshund,Keyword
3055,train conductor,Keyword
3056,street kid,Keyword
3057,overhead shot,Keyword
3058,reference to london england,Keyword
3059,poet,Keyword
3060,clockmaker,Keyword
3061,3d,Keyword
3062,hiding place,Keyword
3063,croissant,Keyword
3064,reference to robin hood the novel,Keyword
3065,listening at a door,Keyword
3066,drawings strewn across a floor,Keyword
3067,caught on train tracks,Keyword
3068,notre dame cathedral,Keyword
3069,dragged by a train,Keyword
3070,passion,Keyword
3071,3 d,Keyword
3072,movie theatre,Keyword
3073,wind up toy,Keyword
3074,reference to charlie chaplin,Keyword
3075,seine river,Keyword
3076,pocket watch,Keyword
3077,film studio,Keyword
3078,pursuit,Keyword
3079,reference to jules verne,Keyword
3080,film tinting,Keyword
3081,reference to max linder,Keyword
3082,cage,Keyword
3083,ink,Keyword
3084,sneaking into a movie,Keyword
3085,lobster,Keyword
3086,hand bill,Keyword
3087,celluloid,Keyword
3088,magician,Keyword
3089,papers floating in the air,Keyword
3090,falling into a bass fiddle,Keyword
3091,musician,Keyword
3092,carousel,Keyword
3093,papers strewn across a floor,Keyword
3094,train tracks,Keyword
3095,dead body,Keyword
3096,sideshow,Keyword
3097,photography,Keyword
3098,slide,Keyword
3099,demitasse,Keyword
3100,dog in love,Keyword
3101,mechanical dragon,Keyword
3102,bookstore,Keyword
3103,train crashes into a train station,Keyword
3104,traveling circus,Keyword
3105,death of father,Keyword
3114,ransom,Keyword
3115,money,Keyword
3116,minnesota,Keyword
3117,fargo north dakota,Keyword
3118,metafiction,Keyword
3119,pancakes,Keyword
3120,police arrest,Keyword
3121,broken tv,Keyword
3122,balancing family and career,Keyword
3123,child swearing,Keyword
3124,shooting a girl,Keyword
3125,tv dinner,Keyword
3126,biting,Keyword
3127,small town americana,Keyword
3128,playacting,Keyword
3129,airport,Keyword
3130,remorse,Keyword
3131,pregnancy,Keyword
3132,pregnant policewoman,Keyword
3133,misperception,Keyword
3134,engine trouble,Keyword
3135,belt,Keyword
3136,expectant mother,Keyword
3137,car won't start,Keyword
3138,cabin,Keyword
3139,stolen license plate,Keyword
3140,winter,Keyword
3141,small town stereotype,Keyword
3142,paul bunyan,Keyword
3143,expectant father,Keyword
3144,pastiche,Keyword
3145,bruise,Keyword
3146,unintended consequences,Keyword
3147,lie,Keyword
3148,pancake house,Keyword
3149,liar,Keyword
3150,false promise of the american dream,Keyword
3151,devoted couple,Keyword
3152,reference to mcdonald's,Keyword
3153,prostitute,Keyword
3154,hyperrealism,Keyword
3155,north dakota,Keyword
3156,tied up,Keyword
3157,banker,Keyword
3158,reality vs fantasy,Keyword
3159,native american,Keyword
3160,greed,Keyword
3161,psychopath,Keyword
3162,stopped by police,Keyword
3163,car salesman,Keyword
3164,running into a tree,Keyword
3165,based on supposedly true story,Keyword
3166,tall tale,Keyword
3167,dumb criminal,Keyword
3168,dual protagonist,Keyword
3169,painter,Keyword
3170,bismarck north dakota,Keyword
3171,hooded victim,Keyword
3172,tragic event,Keyword
3173,anger,Keyword
3174,pregnant wife,Keyword
3175,rural setting,Keyword
3176,bartender,Keyword
3177,television,Keyword
3178,norwegian american,Keyword
3179,failure to communicate,Keyword
3180,police car,Keyword
3181,rage,Keyword
3182,married to a police officer,Keyword
3183,blurred boundaries,Keyword
3184,perception,Keyword
3185,botched crime,Keyword
3186,middle america,Keyword
3187,trickster,Keyword
3188,farce,Keyword
3189,body in a chipper,Keyword
3190,marlboro man,Keyword
3191,alienation,Keyword
3192,artist,Keyword
3193,buffet,Keyword
3194,pregnant police officer,Keyword
3195,crime scene,Keyword
3196,policewoman killing,Keyword
3197,shower curtain,Keyword
3198,feminist,Keyword
3199,body in a trunk,Keyword
3200,ripping a telephone from the wall,Keyword
3201,breaking and entering,Keyword
3202,lifting a female into the air,Keyword
3203,death threat,Keyword
3204,double,Keyword
3205,witness,Keyword
3206,stolen car,Keyword
3207,playboy magazine,Keyword
3208,kicked in the face,Keyword
3209,banality,Keyword
3210,fast food,Keyword
3211,alienated sexuality,Keyword
3212,depravity,Keyword
3213,knitting,Keyword
3214,inner turmoil,Keyword
3215,minneapolis minnesota,Keyword
3216,secluded,Keyword
3217,earthworm,Keyword
3218,innocent person killed,Keyword
3219,swedish american,Keyword
3220,pair of killers,Keyword
3221,breaking a glass window,Keyword
3222,escort,Keyword
3223,man cooking for woman,Keyword
3224,overturning car,Keyword
3225,accountant,Keyword
3226,playing pool,Keyword
3227,car dealer,Keyword
3228,ice hockey,Keyword
3229,ransom money,Keyword
3230,deceit,Keyword
3231,man in underwear,Keyword
3232,pay phone,Keyword
3233,hiding in a bathroom,Keyword
3234,crowbar,Keyword
3235,mulching someone,Keyword
3236,psychological disintegration,Keyword
3237,native american man,Keyword
3238,premarital sex,Keyword
3239,morning sickness,Keyword
3240,duplicity,Keyword
3241,grand guignol,Keyword
3242,siren,Keyword
3243,ski mask,Keyword
3244,dark comedy,Keyword
3245,auto mechanic,Keyword
3246,epistemology,Keyword
3247,crush,Keyword
3248,marital fidelity,Keyword
3249,woodchipper,Keyword
3250,role playing,Keyword
3251,duality,Keyword
3271,serial killer,Keyword
3272,psychiatrist,Keyword
3273,agent,Keyword
3274,cannibal,Keyword
3275,fbi trainee,Keyword
3276,case file,Keyword
3277,psychologist,Keyword
3278,making a public plea for information,Keyword
3279,entomologist,Keyword
3280,transsexual,Keyword
3281,lights suddenly go out,Keyword
3282,elevator shaft,Keyword
3283,orchestral music score,Keyword
3284,mangina,Keyword
3285,rookie cop,Keyword
3286,mass murderer,Keyword
3287,flirting,Keyword
3288,smithsonian institution,Keyword
3289,female senator,Keyword
3290,female lead,Keyword
3291,cocoon,Keyword
3292,reference to barry manilow,Keyword
3293,storage facility,Keyword
3294,evil man,Keyword
3295,funeral home,Keyword
3296,anagram,Keyword
3297,graduation,Keyword
3298,traumatic childhood,Keyword
3299,mental institution,Keyword
3300,psychoanalysis,Keyword
3301,sexual identity,Keyword
3302,moth,Keyword
3303,maniac,Keyword
3304,bahamas,Keyword
3305,academy,Keyword
3306,female fbi agent,Keyword
3307,character appears on tv,Keyword
3308,door bell,Keyword
3309,baltimore maryland,Keyword
3310,mace spray,Keyword
3311,murder of a police officer,Keyword
3312,barking dog,Keyword
3313,police officer bitten,Keyword
3314,murderer,Keyword
3315,wake,Keyword
3316,animal in title,Keyword
3317,jail break,Keyword
3318,murder investigation,Keyword
3319,singing along with radio,Keyword
3320,suspense,Keyword
3321,secret past,Keyword
3322,based on ed gein,Keyword
3323,wearing human skin,Keyword
3324,slasher,Keyword
3325,illinois,Keyword
3326,escape from handcuffs,Keyword
3327,bad guy,Keyword
3328,semen,Keyword
3329,police baton,Keyword
3330,maximum security mental institution,Keyword
3331,mace the repellent,Keyword
3332,contemporary setting,Keyword
3333,west virginia,Keyword
3334,tv news,Keyword
3335,senator's daughter,Keyword
3336,bucket,Keyword
3337,music box,Keyword
3338,obstacle course,Keyword
3339,police training,Keyword
3340,human monster,Keyword
3341,sewing,Keyword
3342,body count,Keyword
3343,childhood flashback,Keyword
3344,mental illness,Keyword
3345,skinning,Keyword
3346,ambulance,Keyword
3347,maryland,Keyword
3348,terror,Keyword
3349,water well,Keyword
3350,unhappy childhood,Keyword
3351,singing along with a record,Keyword
3352,tragic heroine,Keyword
3353,autopsy,Keyword
3354,psychology,Keyword
3355,strait jacket,Keyword
3356,animal in cast credits,Keyword
3357,small dog,Keyword
3358,gay stereotype,Keyword
3359,stuck in a well,Keyword
3360,sadistic psychopath,Keyword
3361,reference to hannibal lecter,Keyword
3362,psycho thriller,Keyword
3363,virginia,Keyword
3364,night vision sequence,Keyword
3365,fat girl,Keyword
3366,disguised as police,Keyword
3367,severed face,Keyword
3368,object made of human skin,Keyword
3369,object made of body part,Keyword
3370,poodle dog,Keyword
3371,chess,Keyword
3372,head in a jar,Keyword
3373,basement pit,Keyword
3374,classical music,Keyword
3375,handcuffs,Keyword
3376,effeminacy,Keyword
3377,drugstore,Keyword
3378,anthropophagus,Keyword
3379,ohio,Keyword
3380,tragic past,Keyword
3381,muzzle flash,Keyword
3382,transvestism,Keyword
3383,mace,Keyword
3384,mass murder,Keyword
3385,homosexuality,Keyword
3386,moving furniture,Keyword
3387,starvation,Keyword
3388,memphis tennessee,Keyword
3389,pet dog,Keyword
3400,speech,Keyword
3401,king george vi,Keyword
3402,speech therapist,Keyword
3403,britain,Keyword
3404,speech impediment,Keyword
3405,stammering,Keyword
3406,abdication,Keyword
3407,unlikely friendship,Keyword
3408,australian,Keyword
3409,monarchy,Keyword
3410,declaration of war,Keyword
3411,bromance,Keyword
3412,reference to duchess of windsor,Keyword
3413,gargling,Keyword
3414,ends with text,Keyword
3415,radio speech,Keyword
3416,microphone,Keyword
3417,house of windsor,Keyword
3418,cigarette case,Keyword
3419,self confidence,Keyword
3420,apostrophe in title,Keyword
3421,stuttering,Keyword
3422,year 1939,Keyword
3423,reference to adolf hitler,Keyword
3424,royalty,Keyword
3425,decorum,Keyword
3426,british royal family,Keyword
3427,male bonding,Keyword
3428,pug dog,Keyword
3429,death of king,Keyword
3430,london england,Keyword
3431,cigar smoking,Keyword
3432,top hat,Keyword
3433,radio broadcast,Keyword
3434,scenario which perverts facts,Keyword
3435,speech therapy,Keyword
3436,voice recording,Keyword
3437,christmas tree,Keyword
3438,year 1934,Keyword
3439,priggishness,Keyword
3440,ex actor,Keyword
3441,practicing a speech,Keyword
3442,stutter,Keyword
3443,therapist client relationship,Keyword
3444,building model airplane,Keyword
3445,duke of windsor,Keyword
3446,marble,Keyword
3447,disability,Keyword
3448,title in title,Keyword
3449,reference to neville chamberlain,Keyword
3450,biplane,Keyword
3451,protocol,Keyword
3452,archbishop of canterbury,Keyword
3453,prime minister,Keyword
3454,london fog,Keyword
3455,friendship between men,Keyword
3456,compassion,Keyword
3457,underdog,Keyword
3458,empowerment,Keyword
3465,oil,Keyword
3466,land,Keyword
3467,california,Keyword
3468,prospector,Keyword
3469,business,Keyword
3470,preacher,Keyword
3471,pipeline,Keyword
3472,wealth,Keyword
3473,twin,Keyword
3474,single father,Keyword
3475,turn of the century,Keyword
3476,faith healer,Keyword
3477,ear exam,Keyword
3478,dynamite,Keyword
3479,religious fanatic,Keyword
3480,false promise,Keyword
3481,lighting fuse,Keyword
3482,child romance,Keyword
3483,bride and groom,Keyword
3484,butler,Keyword
3485,1900s,Keyword
3486,construction,Keyword
3487,bludgeoning,Keyword
3488,san francisco california,Keyword
3489,quail,Keyword
3490,oil rig,Keyword
3491,set on fire,Keyword
3492,goat,Keyword
3493,tuberculosis,Keyword
3494,oil well,Keyword
3495,building collapse,Keyword
3496,ambition,Keyword
3497,drilling for oil,Keyword
3498,business deal,Keyword
3499,1920s,Keyword
3500,oil derrick,Keyword
3501,control freak,Keyword
3502,american,Keyword
3503,false prophet,Keyword
3504,child uses gun,Keyword
3505,cross,Keyword
3506,confession,Keyword
3507,unconsciousness,Keyword
3508,pipe smoking,Keyword
3509,backpack,Keyword
3510,food,Keyword
3511,arson,Keyword
3512,bowling alley,Keyword
3513,baby,Keyword
3514,striking oil,Keyword
3515,americana,Keyword
3516,accidental death,Keyword
3517,digging a grave,Keyword
3518,minister,Keyword
3519,tower,Keyword
3520,experimental soundtrack,Keyword
3521,great depression,Keyword
3522,mining equipment,Keyword
3523,dress,Keyword
3524,sermon,Keyword
3525,bowling ball,Keyword
3526,religious intolerance,Keyword
3527,train depot,Keyword
3528,ice cream parlor,Keyword
3529,missionary,Keyword
3530,telescope,Keyword
3531,song,Keyword
3532,religious zealot,Keyword
3533,sparks,Keyword
3534,railroad track,Keyword
3535,sinner,Keyword
3536,child abandonment,Keyword
3537,beaten to death with a bowling pin,Keyword
3538,chain gang,Keyword
3539,pick axe,Keyword
3540,signature,Keyword
3541,silver city new mexico,Keyword
3542,milk,Keyword
3543,threat,Keyword
3544,underwear,Keyword
3545,surrogate father,Keyword
3546,diary,Keyword
3547,child abuse,Keyword
3548,flash forward,Keyword
3549,mine,Keyword
3550,gospel,Keyword
3551,impotence,Keyword
3552,villain played by lead actor,Keyword
3553,loss of hearing,Keyword
3554,pickaxe,Keyword
3555,hymn,Keyword
3556,capitalism,Keyword
3557,port wyanimi california,Keyword
3558,napkin,Keyword
3559,farming,Keyword
3560,oil tycoon,Keyword
3561,sulphur,Keyword
3562,price of fame,Keyword
3563,oil gusher,Keyword
3564,oil industry,Keyword
3565,1910s,Keyword
3566,surrogate son,Keyword
3567,public speaking,Keyword
3568,interpreter,Keyword
3569,alcoholism,Keyword
3570,deafness,Keyword
3571,salvation,Keyword
3572,falling off a ladder,Keyword
3573,blasphemy,Keyword
3574,exploration,Keyword
3575,male slaps male,Keyword
3576,renovation,Keyword
3577,lifting male in air,Keyword
3578,bowling pin,Keyword
3579,camp,Keyword
3580,horse and wagon,Keyword
3581,map,Keyword
3582,misanthrope,Keyword
3583,passing out,Keyword
3584,death in childbirth,Keyword
3585,mining,Keyword
3586,half brother,Keyword
3587,fon du lac wisconsin,Keyword
3588,arthritis,Keyword
3589,same actor playing twin role,Keyword
3590,business associate,Keyword
3591,freak accident,Keyword
3592,firewood,Keyword
3593,childbirth,Keyword
3594,competition,Keyword
3595,spiritual healing,Keyword
3596,evangelist,Keyword
3597,superstition,Keyword
3598,tool,Keyword
3599,irrigation,Keyword
3600,injury,Keyword
3601,goat farmer,Keyword
3602,sign language,Keyword
3603,reference to jesus christ,Keyword
3604,silver mine,Keyword
3605,broken leg,Keyword
3606,businessman,Keyword
3607,twin brother,Keyword
3608,signal hill california,Keyword
3609,land grabbing,Keyword
3610,alcoholic,Keyword
3611,claim in title,Keyword
3612,railway station,Keyword
3613,1890s,Keyword
3614,dragged by one's hair,Keyword
3615,land surveying,Keyword
3616,whistling,Keyword
3617,pacific ocean,Keyword
3618,quail hunting,Keyword
3619,impostor,Keyword
3620,loss of brother,Keyword
3621,waiter,Keyword
3622,matches,Keyword
3623,actor shares first name with character,Keyword
3632,margaret thatcher,Keyword
3633,conservative party,Keyword
3634,parliament,Keyword
3635,falklands,Keyword
3636,grocer,Keyword
3637,british prime minister,Keyword
3638,argentina,Keyword
3639,female prime minister,Keyword
3640,public service,Keyword
3641,dementia,Keyword
3642,dinner party,Keyword
3643,political party,Keyword
3644,british overseas territory,Keyword
3645,political campaign,Keyword
3646,war propaganda,Keyword
3647,mp,Keyword
3648,political leader,Keyword
3649,year 1982,Keyword
3650,stubbornness,Keyword
3651,widow,Keyword
3652,2000s,Keyword
3653,right wing,Keyword
3654,voice,Keyword
3655,memoirs,Keyword
3656,confusion,Keyword
3657,foreign affairs,Keyword
3658,befuddled,Keyword
3659,public image,Keyword
3660,international politics,Keyword
3661,10 downing street,Keyword
3662,election,Keyword
3663,title directed by female,Keyword
3664,military invasion,Keyword
3665,number 10,Keyword
3666,flashbacks,Keyword
3667,female politician,Keyword
3668,dead husband,Keyword
3669,british politics,Keyword
3670,baroness,Keyword
3671,cold war,Keyword
3672,falklands war,Keyword
3673,mourning,Keyword
3674,decline,Keyword
3675,premier,Keyword
3676,alzheimer's disease,Keyword
3677,military junta,Keyword
3678,born in 1925,Keyword
3679,pearls,Keyword
3691,treasury agent,Keyword
3692,federal agent,Keyword
3693,untouchable,Keyword
3694,tax evasion,Keyword
3695,prohibition,Keyword
3696,baby carriage,Keyword
3697,irish american,Keyword
3698,shot through the mouth,Keyword
3699,hit in the crotch,Keyword
3700,jury,Keyword
3701,speakeasy,Keyword
3702,defenestration,Keyword
3703,irish american cop,Keyword
3704,end justifies the means,Keyword
3705,switchblade,Keyword
3706,chase on the roof,Keyword
3707,cutting face while shaving,Keyword
3708,newspaper,Keyword
3709,white suit,Keyword
3710,yawning,Keyword
3711,money laundering,Keyword
3712,bombing,Keyword
3713,gun violence,Keyword
3714,courtroom,Keyword
3715,ledger,Keyword
3716,firing range,Keyword
3717,smuggling,Keyword
3718,corrupt judge,Keyword
3719,rule of law,Keyword
3720,writing in blood,Keyword
3721,prohibition repeal,Keyword
3722,tax evader,Keyword
3723,jury tampering,Keyword
3724,staircase,Keyword
3725,whiskey,Keyword
3726,hit with a baseball bat,Keyword
3727,police raid,Keyword
3728,crime epic,Keyword
3729,righteous rage,Keyword
3730,roof chase,Keyword
3731,reference to j. edgar hoover,Keyword
3732,kicked in the crotch,Keyword
3733,alley fight,Keyword
3734,based on tv series,Keyword
3735,suitcase,Keyword
3736,year 1930,Keyword
3737,illegal business,Keyword
3738,g man,Keyword
3739,fighting fire with fire,Keyword
3740,rooftop chase,Keyword
3741,social contract,Keyword
3742,drum magazine,Keyword
3743,u.s. treasury agent,Keyword
3744,opera,Keyword
3745,royal canadian mounted police,Keyword
3746,yawn,Keyword
3747,intimidation,Keyword
3748,u.s. canadian border,Keyword
3749,alcohol,Keyword
3750,criminal justice,Keyword
3751,lawlessness,Keyword
3752,chicago illinois,Keyword
3762,kansas,Keyword
3763,truman capote,Keyword
3764,harper lee,Keyword
3765,holcomb kansas,Keyword
3766,killer,Keyword
3767,homosexual,Keyword
3768,farmhouse,Keyword
3769,interview,Keyword
3770,prairie,Keyword
3771,black american,Keyword
3772,kansas supreme court,Keyword
3773,medical dictionary,Keyword
3774,coffin,Keyword
3775,reference to breakfast at tiffany's the novel,Keyword
3776,wheat,Keyword
3777,reference to in cold blood the book,Keyword
3778,telegram,Keyword
3779,cherokee tribe,Keyword
3780,hunger strike,Keyword
3781,cherokee,Keyword
3782,harness,Keyword
3783,stepfather stepson relationship,Keyword
3784,blindfold,Keyword
3785,park,Keyword
3786,capital punishment,Keyword
3787,thank you speech,Keyword
3788,journalism,Keyword
3789,leg deformity,Keyword
3790,standing ovation,Keyword
3791,execution witness,Keyword
3792,leg injury,Keyword
3793,body search,Keyword
3794,reference to richard avedon,Keyword
3795,methodist,Keyword
3796,noose,Keyword
3797,death of sister,Keyword
3798,brooklyn new york city,Keyword
3799,grocery store,Keyword
3800,aspirin,Keyword
3801,death row,Keyword
3802,eyeglasses,Keyword
3803,year 1960,Keyword
3804,multiple murder,Keyword
3805,newspaper clipping,Keyword
3806,hood,Keyword
3807,fort leavenworth kansas,Keyword
3808,leavenworth kansas,Keyword
3809,prison warden,Keyword
3810,teenage boy,Keyword
3811,non fiction novel,Keyword
3812,suicide watch,Keyword
3813,reference to to kill a mockingbird the novel,Keyword
3814,safe,Keyword
3815,cell mate,Keyword
3816,multiple homicide,Keyword
3817,nursing,Keyword
3818,new orleans louisiana,Keyword
3819,suicide of brother,Keyword
3820,stay of execution,Keyword
3821,hug,Keyword
3822,manuscript,Keyword
3823,sketching,Keyword
3824,bribe,Keyword
3825,toy gun,Keyword
3826,shackles,Keyword
3827,jail cell,Keyword
3828,no witnesses,Keyword
3829,photo album,Keyword
3830,costa brava spain,Keyword
3831,scissors,Keyword
3832,murder of mother,Keyword
3833,false friend,Keyword
3834,execution by hanging,Keyword
3835,car rental,Keyword
3836,farm,Keyword
3837,legal appeal,Keyword
3838,surrogate brother,Keyword
3839,wheat field,Keyword
3840,pornography,Keyword
3841,lisp,Keyword
3842,last breath,Keyword
3843,lord's prayer,Keyword
3844,bellcap,Keyword
3845,guard,Keyword
3846,public reading,Keyword
3847,supreme court,Keyword
3848,force feeding,Keyword
3849,alabama,Keyword
3850,spain,Keyword
3851,tin cup,Keyword
3852,frisking,Keyword
3853,reference to sears roebuck,Keyword
3854,publisher,Keyword
3855,reversing charges on a telephone call,Keyword
3856,spoon,Keyword
3857,new yorker magazine,Keyword
3858,feeding baby food,Keyword
3859,suicide of sister,Keyword
3860,new york times,Keyword
3861,prison cell,Keyword
3862,dressing gown,Keyword
3863,rejected legal appeal,Keyword
3864,eccentric,Keyword
3865,magazine,Keyword
3866,reading newspaper,Keyword
3867,salon,Keyword
3868,jail guard,Keyword
3869,american midwest,Keyword
3870,high school,Keyword
3871,reference to walden,Keyword
3872,gay lead character,Keyword
3873,research assistant,Keyword
3874,horn rimmed glasses,Keyword
3875,taxi driver,Keyword
3876,sorrow,Keyword
3877,reference to elizabeth taylor,Keyword
3878,reference to henry david thoreau,Keyword
3879,leavenworth penitentiary,Keyword
3880,reference to henri matisse,Keyword
3881,limousine,Keyword
3882,reference to humphrey bogart,Keyword
3883,typewriter,Keyword
3884,pain,Keyword
3885,celebrity,Keyword
3886,year 1959,Keyword
3887,cook,Keyword
3888,american indian,Keyword
3889,murder of husband,Keyword
3890,vanity,Keyword
3891,flowers,Keyword
3892,porter,Keyword
3893,baby food,Keyword
3894,pretending to be someone's friend,Keyword
3895,student,Keyword
3896,neighbor,Keyword
3897,reporter,Keyword
3898,reference to john huston,Keyword
3899,pillow,Keyword
3900,death by hanging,Keyword
3901,prison guard,Keyword
3902,funeral parlor,Keyword
3903,prison visitation,Keyword
3904,amigo,Keyword
3905,penitentiary,Keyword
3906,train compartment,Keyword
3907,martini,Keyword
3908,self portrait,Keyword
3909,typing,Keyword
3910,book reading,Keyword
3911,reference to tennessee williams,Keyword
3912,boyfriend boyfriend relationship,Keyword
3913,insanity plea,Keyword
3914,jail,Keyword
3918,meet,Keyword
3919,commercial,Keyword
3920,japanese,Keyword
3921,yale,Keyword
3922,reference to joey bishop,Keyword
3923,call girl,Keyword
3924,culture clash,Keyword
3925,wig,Keyword
3926,language barrier,Keyword
3927,culture shock,Keyword
3928,one night stand,Keyword
3929,airhead,Keyword
3930,james bond spoof scene,Keyword
3931,height,Keyword
3932,billboard,Keyword
3933,east west,Keyword
3934,film star,Keyword
3935,college graduate,Keyword
3936,reference to the rat pack,Keyword
3937,pool,Keyword
3938,city traffic,Keyword
3939,hooker,Keyword
3940,shrine,Keyword
3941,whispering,Keyword
3942,x ray,Keyword
3943,karaoke,Keyword
3944,mini skirt,Keyword
3945,fatigue,Keyword
3946,world weariness,Keyword
3947,housewife,Keyword
3948,television commercial,Keyword
3949,ennui,Keyword
3950,reference to sean connery,Keyword
3951,arcade game,Keyword
3952,thong,Keyword
3953,bare butt,Keyword
3954,lounge singer,Keyword
3955,translation,Keyword
3956,yale university,Keyword
3957,disorientation,Keyword
3958,director,Keyword
3959,video arcade,Keyword
3960,foot injury,Keyword
3961,see through panties,Keyword
3962,may december romance,Keyword
3963,hotel room,Keyword
3964,nylons,Keyword
3965,talk show host,Keyword
3966,exotic dancing,Keyword
3967,stockings,Keyword
3968,jet lag,Keyword
3969,kyoto japan,Keyword
3970,erotic dancing,Keyword
3971,long distance call,Keyword
3972,sauna,Keyword
3973,television broadcasting,Keyword
3974,nude girl,Keyword
3975,bb gun,Keyword
3976,exotic dancer,Keyword
3977,older man younger woman relationship,Keyword
3978,pink panties,Keyword
3979,travel,Keyword
3980,orient,Keyword
3981,arcade,Keyword
3982,public nudity,Keyword
3983,bride,Keyword
3984,reference to dean martin,Keyword
3985,oriental,Keyword
3986,fictional talk show,Keyword
3987,business trip,Keyword
3988,advertisement,Keyword
3989,boredom,Keyword
3990,reference to roger moore,Keyword
3991,tokyo japan,Keyword
3992,scotch whisky,Keyword
3993,midlife crisis,Keyword
3994,nude,Keyword
3995,tv show in film,Keyword
3996,pachinko,Keyword
