id:ID,login,:LABEL
2,William,User
3,James,User
7,Joseph,User
8,Thomas,User
10,Robert,User
11,Edward,User
18,David,User
19,Louis,User
21,Charlie,User
22,Clarence,User
23,Richard,User
25,Daniel,User
27,Will,User
33,Frederick,User
34,Willie,User
36,Sam,User
38,Herbert,User
39,Jacob,User
40,Tom,User
44,Howard,User
45,Martin,User
46,Michael,User
51,Harvey,User
52,Earl,User
53,Eugene,User
54,Ralph,User
55,Ed,User
57,Edwin,User
59,Charley,User
60,Paul,User
62,Isaac,User
66,Ira,User
67,Patrick,User
68,Guy,User
69,Oliver,User
74,August,User
76,Homer,User
82,Allen,User
83,Archie,User
94,Julius,User
96,Sidney,User
102,Dave,User
104,Eddie,User
109,Wesley,User
111,Garfield,User
112,Franklin,User
116,Harold,User
117,Matthew,User
119,Moses,User
121,Lester,User
126,Fredrick,User
131,Aaron,User
136,Victor,User
142,Jake,User
151,Claud,User
153,Sylvester,User
158,Willard,User
159,Irvin,User
161,Jose,User
170,Wiley,User
171,Anton,User
175,Augustus,User
177,Eli,User
178,Nicholas,User
183,Timothy,User
186,Curtis,User
187,Edmund,User
190,Harrison,User
191,Stanley,User
192,Columbus,User
196,Russell,User
197,Pearl,User
199,Arch,User
200,Asa,User
201,Clayton,User
202,Enoch,User
204,Mathew,User
210,Ellis,User
215,Wade,User
218,Rudolph,User
219,Sherman,User
220,Austin,User
221,Bill,User
222,Chas,User
223,Lonnie,User
224,Monroe,User
225,Byron,User
227,Emery,User
228,Grant,User
230,Max,User
231,Mose,User
238,Gustave,User
240,Lorenzo,User
241,Bruce,User
244,Bob,User
246,Donald,User
248,Cecil,User
250,Delbert,User
251,Edmond,User
256,Luke,User
266,Vincent,User
293,Elisha,User
295,General,User
296,Julian,User
301,Judson,User
308,Forest,User
310,Pink,User
313,Ward,User
319,Wilbert,User
321,Benjiman,User
326,Archibald,User
328,Clint,User
332,Mary,User
333,Merton,User
339,Milo,User
343,Elza,User
350,Seth,User
355,Washington,User
368,Lafayette,User
373,Abram,User
375,Elliott,User
383,Dallas,User
388,Lawson,User
394,Erastus,User
399,Stewart,User
406,Clay,User
415,Jonathan,User
421,Rolla,User
422,Sandy,User
428,Carlos,User
433,Harve,User
434,Israel,User
450,Geo,User
457,Orlando,User
463,Stuart,User
464,Wilburn,User
466,Casper,User
467,Christ,User
478,Squire,User
481,Wyatt,User
485,Andres,User
491,Howell,User
500,Reginald,User
505,Benjamine,User
507,Carlton,User
519,Rex,User
526,Al,User
530,Art,User
534,Beverly,User
536,Clair,User
541,Dwight,User
544,Henderson,User
552,Mortimer,User
565,Truman,User
570,Wylie,User
571,Alec,User
578,Colonel,User
579,Dempsey,User
580,Early,User
582,Fate,User
584,Gabe,User
585,Garland,User
587,Herschel,User
588,Hezekiah,User
592,Olaf,User
594,Pablo,User
596,Turner,User
597,Verne,User
608,Darius,User
614,Eric,User
619,Hosea,User
621,Lonzo,User
647,Eben,User
652,Finis,User
657,Hermann,User
658,Isadore,User
661,June,User
662,Lacy,User
663,Lafe,User
664,Leland,User
670,Obie,User
676,Parley,User
698,Dolphus,User
701,Fayette,User
702,Felipe,User
705,Florence,User
710,Hoy,User
723,Odie,User
724,Olen,User
733,Richmond,User
738,Shelby,User
743,Woodson,User
747,Alf,User
748,Algie,User
751,Bedford,User
761,Clovis,User
765,Duke,User
766,Eber,User
767,Eligah,User
770,Emmitt,User
775,Harman,User
779,Jennie,User
780,Len,User
782,Lonie,User
787,Miller,User
788,Orson,User
803,Vance,User
812,Allison,User
826,Ballard,User
831,Clarke,User
850,Elsie,User
854,Ferd,User
863,Hattie,User
875,Kirk,User
882,Noble,User
883,Obed,User
890,Rube,User
894,Sammie,User
897,Stacy,User
900,Thad,User
901,Titus,User
902,Tracy,User
907,Yee,User
912,Albertus,User
916,Artie,User
917,Arvid,User
932,Brooks,User
933,Buck,User
941,Cyril,User
962,Gardner,User
965,Gottlieb,User
975,Hermon,User
981,Huey,User
990,Jodie,User
