id:ID,name,born,poster_image,:LABEL
2,Laurence Fishburne,1961,https://image.tmdb.org/t/p/w185/mh0lZ1XsT84FayMNiT6Erh91mVu.jpg,Person
3,Carrie-Anne Moss,1967,https://image.tmdb.org/t/p/w185/8iATAc5z5XOKFFARLsvaawa8MTY.jpg,Person
4,Hugo Weaving,1960,https://image.tmdb.org/t/p/w185/3DKJSeTucd7krnxXkwcir6PgT88.jpg,Person
5,Gloria Foster,1933,https://image.tmdb.org/t/p/w185/ahwiARgfOYctk6sOLBBk5w7cfH5.jpg,Person
6,Joe Pantoliano,1951,https://image.tmdb.org/t/p/w185/zBvDX2HWepvW9im6ikgoyOL2Xj0.jpg,Person
7,Marcus Chong,1967,https://image.tmdb.org/t/p/w185/zYfXjMszFajTb93phn2Fi6LwEGN.jpg,Person
8,Matt Doran,1976,https://image.tmdb.org/t/p/w185/gLpWm3azLiXgDPRWo23AnG5WM7O.jpg,Person
9,Anthony Ray Parker,1958,https://image.tmdb.org/t/p/w185/iMHr0onfM8v4uVdPVnXxXx2xwwN.jpg,Person
10,Keanu Reeves,1964,https://image.tmdb.org/t/p/w185/id1qIb7cZs2eQno90KsKwG8VLGN.jpg,Person
11,Ada Nicodemou,1977,https://image.tmdb.org/t/p/w185/xSHiqKAoEHy7i2csyqyLfb86L0O.jpg,Person
12,Rowan Witt,1988,https://image.tmdb.org/t/p/w185/kJot5sckPZRFVzkKEEJtaod423s.jpg,Person
13,Lily Wachowski,1967,https://image.tmdb.org/t/p/w185/nh5SBuv9cm1FByTc7dlV0zyO3GO.jpg,Person
14,Lana Wachowski,1965,https://image.tmdb.org/t/p/w185/8mbcXfOpmOiDLk6ZWfMsBGHEnet.jpg,Person
15,Joel Silver,1952,https://image.tmdb.org/t/p/w185/1LIjLDXGRhwXohHL2jKhyvLv0rZ.jpg,Person
29,Helmut Bakaitis,1944,https://image.tmdb.org/t/p/w185/y6ICnJGyavStO2wrbqpf5hABwPj.jpg,Person
30,Lambert Wilson,1958,https://image.tmdb.org/t/p/w185/p4tfJZVGZmc4S22bKCzHaUVUiqa.jpg,Person
31,Monica Bellucci,1964,https://image.tmdb.org/t/p/w185/z3sLuRKP7hQVrvSTsqdLjGSldwG.jpg,Person
32,Adrian Rayment,1970,https://image.tmdb.org/t/p/w185/c3ExwLos7XIsLUuEzwFjOd1wYWo.jpg,Person
33,Neil Rayment,1970,https://image.tmdb.org/t/p/w185/yXV3FgDENpm5P9m62GugJNGhczH.jpg,Person
34,Daniel Bernhardt,1965,https://image.tmdb.org/t/p/w185/gsIWvByH4lzQdTgMswQWqiAQOql.jpg,Person
35,Roy Jones Jr.,1969,https://image.tmdb.org/t/p/w185/fgsHZRBpMinLbRninT1RcApxEnA.jpg,Person
36,Randall Duk Kim,1943,https://image.tmdb.org/t/p/w185/9AWMELz25S915kaUr5OzHJN4Xtm.jpg,Person
37,Harry Lennix,1964,https://image.tmdb.org/t/p/w185/uwpRytLjzz1IvjNanYNlplPVal9.jpg,Person
38,Collin Chou,1967,https://image.tmdb.org/t/p/w185/Ug1pqZuUcQjW4y9ljgBpFnHpcA.jpg,Person
39,Cornel West,1953,https://image.tmdb.org/t/p/w185/lMOn0gg1tTphBE974NARiTmqTES.jpg,Person
40,Jada Pinkett Smith,1971,https://image.tmdb.org/t/p/w185/9F9om3LeN7xM1yPcUn9e2qSpkDh.jpg,Person
41,Nona Gaye,1974,https://image.tmdb.org/t/p/w185/tNwU5M0ylEuDtxqFLpNnNE7jFKb.jpg,Person
42,Steve Bastoni,1966,https://image.tmdb.org/t/p/w185/pL2atjQ6ZnUzvlI4r3LeT6h3OW6.jpg,Person
43,Nash Edgerton,1973,https://image.tmdb.org/t/p/w185/1lKEZ4rvjYzfSm5a3W7lIm8k3YN.jpg,Person
44,David Franklin,1962,https://image.tmdb.org/t/p/w185/n5W2C8Fir0wdQg8HmBeBpmvpCfH.jpg,Person
45,Robyn Nevin,1942,https://image.tmdb.org/t/p/w185/5tqOX7iKTWaf3KDN4hiHXXN7wmI.jpg,Person
46,Harold Perrineau Jr.,1963,https://image.tmdb.org/t/p/w185/kHdfkvm6KAmYQaoCMegLp9303D2.jpg,Person
47,Gina Torres,1969,https://image.tmdb.org/t/p/w185/z43hy1X1vRD26vNDh0lzxg1rcBl.jpg,Person
48,Clayton Watson,1977,https://assets.tmdb.org/assets/7f29bd8b3370c71dd379b0e8b570887c/images/no-poster-w185-v2.png,Person
49,Leigh Whannell,1977,https://image.tmdb.org/t/p/w185/cEy5gYVsjC7YL5Q53lkwjqYWP22.jpg,Person
50,Bernard White,1959,https://image.tmdb.org/t/p/w185/1DEmHQyjfMLQssEE8PeFOtTYGn3.jpg,Person
51,Anthony Zerbe,1936,https://image.tmdb.org/t/p/w185/hCxhuiCamxs0SOoQH46psnjT8xJ.jpg,Person
69,Mary Alice,1941,https://image.tmdb.org/t/p/w185/2h20nF8gvhqhgVDV6Lru55dKB44.jpg,Person
83,Bruce Willis,1955,https://assets.tmdb.org/assets/7f29bd8b3370c71dd379b0e8b570887c/images/no-poster-w185-v2.png,Person
84,John Travolta,1954,https://assets.tmdb.org/assets/7f29bd8b3370c71dd379b0e8b570887c/images/no-poster-w185-v2.png,Person
85,Samuel L. Jackson,1948,https://image.tmdb.org/t/p/w185/dlW6prW9HwYDsIRXNoFYtyHpSny.jpg,Person
86,Harvey Keitel,1939,https://assets.tmdb.org/assets/7f29bd8b3370c71dd379b0e8b570887c/images/no-poster-w185-v2.png,Person
87,Uma Thurman,1970,https://assets.tmdb.org/assets/7f29bd8b3370c71dd379b0e8b570887c/images/no-poster-w185-v2.png,Person
88,Eric Stoltz,1961,https://assets.tmdb.org/assets/7f29bd8b3370c71dd379b0e8b570887c/images/no-poster-w185-v2.png,Person
89,Ving Rhames,1959,https://assets.tmdb.org/assets/7f29bd8b3370c71dd379b0e8b570887c/images/no-poster-w185-v2.png,Person
90,Tim Roth,1961,https://image.tmdb.org/t/p/w185/r4jtlboNqWPz2dOHafrPJE4Yd94.jpg,Person
91,Amanda Plummer,1957,https://assets.tmdb.org/assets/7f29bd8b3370c71dd379b0e8b570887c/images/no-poster-w185-v2.png,Person
92,Maria de Medeiros,1965,https://assets.tmdb.org/assets/7f29bd8b3370c71dd379b0e8b570887c/images/no-poster-w185-v2.png,Person
93,Peter Greene,1965,https://assets.tmdb.org/assets/7f29bd8b3370c71dd379b0e8b570887c/images/no-poster-w185-v2.png,Person
94,Rosanna Arquette,1959,https://assets.tmdb.org/assets/7f29bd8b3370c71dd379b0e8b570887c/images/no-poster-w185-v2.png,Person
95,Duane Whitaker,1959,https://assets.tmdb.org/assets/7f29bd8b3370c71dd379b0e8b570887c/images/no-poster-w185-v2.png,Person
96,Frank Whaley,1963,https://assets.tmdb.org/assets/7f29bd8b3370c71dd379b0e8b570887c/images/no-poster-w185-v2.png,Person
97,Steve Buscemi,1957,https://assets.tmdb.org/assets/7f29bd8b3370c71dd379b0e8b570887c/images/no-poster-w185-v2.png,Person
98,Christopher Walken,1943,https://assets.tmdb.org/assets/7f29bd8b3370c71dd379b0e8b570887c/images/no-poster-w185-v2.png,Person
99,Julia Sweeney,1959,https://assets.tmdb.org/assets/7f29bd8b3370c71dd379b0e8b570887c/images/no-poster-w185-v2.png,Person
100,Quentin Tarantino,1963,https://assets.tmdb.org/assets/7f29bd8b3370c71dd379b0e8b570887c/images/no-poster-w185-v2.png,Person
101,Alexis Arquette,1969,https://assets.tmdb.org/assets/7f29bd8b3370c71dd379b0e8b570887c/images/no-poster-w185-v2.png,Person
102,Bronagh Gallagher,1972,https://assets.tmdb.org/assets/7f29bd8b3370c71dd379b0e8b570887c/images/no-poster-w185-v2.png,Person
103,Phil LaMarr,1967,https://assets.tmdb.org/assets/7f29bd8b3370c71dd379b0e8b570887c/images/no-poster-w185-v2.png,Person
104,Burr Steers,1965,https://assets.tmdb.org/assets/7f29bd8b3370c71dd379b0e8b570887c/images/no-poster-w185-v2.png,Person
105,Joseph Pilato,1949,https://assets.tmdb.org/assets/7f29bd8b3370c71dd379b0e8b570887c/images/no-poster-w185-v2.png,Person
106,Lawrence Bender,1957,https://assets.tmdb.org/assets/7f29bd8b3370c71dd379b0e8b570887c/images/no-poster-w185-v2.png,Person
107,Kathy Griffin,1960,https://assets.tmdb.org/assets/7f29bd8b3370c71dd379b0e8b570887c/images/no-poster-w185-v2.png,Person
108,Roger Avary,1965,https://assets.tmdb.org/assets/7f29bd8b3370c71dd379b0e8b570887c/images/no-poster-w185-v2.png,Person
109,Danny DeVito,1944,https://assets.tmdb.org/assets/7f29bd8b3370c71dd379b0e8b570887c/images/no-poster-w185-v2.png,Person
128,Gabriela Cowperthwaite,1000,https://assets.tmdb.org/assets/7f29bd8b3370c71dd379b0e8b570887c/images/no-poster-w185-v2.png,Person
131,Tom Hanks,1956,https://image.tmdb.org/t/p/w185/xxPMucou2wRDxLrud8i2D4dsywh.jpg,Person
132,Halle Berry,1966,https://assets.tmdb.org/assets/7f29bd8b3370c71dd379b0e8b570887c/images/no-poster-w185-v2.png,Person
133,Jim Broadbent,1949,https://assets.tmdb.org/assets/7f29bd8b3370c71dd379b0e8b570887c/images/no-poster-w185-v2.png,Person
134,Susan Sarandon,1946,https://assets.tmdb.org/assets/7f29bd8b3370c71dd379b0e8b570887c/images/no-poster-w185-v2.png,Person
135,Hugh Grant,1960,https://assets.tmdb.org/assets/7f29bd8b3370c71dd379b0e8b570887c/images/no-poster-w185-v2.png,Person
136,Keith David,1956,https://assets.tmdb.org/assets/7f29bd8b3370c71dd379b0e8b570887c/images/no-poster-w185-v2.png,Person
137,James D'Arcy,1975,https://assets.tmdb.org/assets/7f29bd8b3370c71dd379b0e8b570887c/images/no-poster-w185-v2.png,Person
138,Bae Doona,1979,https://assets.tmdb.org/assets/7f29bd8b3370c71dd379b0e8b570887c/images/no-poster-w185-v2.png,Person
139,Jim Sturgess,1978,https://assets.tmdb.org/assets/7f29bd8b3370c71dd379b0e8b570887c/images/no-poster-w185-v2.png,Person
140,Ben Whishaw,1980,https://assets.tmdb.org/assets/7f29bd8b3370c71dd379b0e8b570887c/images/no-poster-w185-v2.png,Person
141,Zhou Xun,1976,https://assets.tmdb.org/assets/7f29bd8b3370c71dd379b0e8b570887c/images/no-poster-w185-v2.png,Person
142,David Gyasi,1980,https://assets.tmdb.org/assets/7f29bd8b3370c71dd379b0e8b570887c/images/no-poster-w185-v2.png,Person
143,Robert Fyfe,1925,https://assets.tmdb.org/assets/7f29bd8b3370c71dd379b0e8b570887c/images/no-poster-w185-v2.png,Person
144,Martin Wuttke,1962,https://assets.tmdb.org/assets/7f29bd8b3370c71dd379b0e8b570887c/images/no-poster-w185-v2.png,Person
145,Tom Tykwer,1965,https://assets.tmdb.org/assets/7f29bd8b3370c71dd379b0e8b570887c/images/no-poster-w185-v2.png,Person
458,Tim Robbins,1958,https://assets.tmdb.org/assets/7f29bd8b3370c71dd379b0e8b570887c/images/no-poster-w185-v2.png,Person
459,Morgan Freeman,1937,https://assets.tmdb.org/assets/7f29bd8b3370c71dd379b0e8b570887c/images/no-poster-w185-v2.png,Person
460,Bob Gunton,1945,https://assets.tmdb.org/assets/7f29bd8b3370c71dd379b0e8b570887c/images/no-poster-w185-v2.png,Person
461,William Sadler,1950,https://assets.tmdb.org/assets/7f29bd8b3370c71dd379b0e8b570887c/images/no-poster-w185-v2.png,Person
462,Clancy Brown,1959,https://assets.tmdb.org/assets/7f29bd8b3370c71dd379b0e8b570887c/images/no-poster-w185-v2.png,Person
463,Gil Bellows,1967,https://assets.tmdb.org/assets/7f29bd8b3370c71dd379b0e8b570887c/images/no-poster-w185-v2.png,Person
464,Mark Rolston,1956,https://assets.tmdb.org/assets/7f29bd8b3370c71dd379b0e8b570887c/images/no-poster-w185-v2.png,Person
465,James Whitmore,1921,https://assets.tmdb.org/assets/7f29bd8b3370c71dd379b0e8b570887c/images/no-poster-w185-v2.png,Person
466,Frank Darabont,1959,https://image.tmdb.org/t/p/w185/9KVvZtDyy8DXacw2TTsjC9VLxQi.jpg,Person
472,Marlon Brando,1924,https://assets.tmdb.org/assets/7f29bd8b3370c71dd379b0e8b570887c/images/no-poster-w185-v2.png,Person
473,Al Pacino,1940,https://assets.tmdb.org/assets/7f29bd8b3370c71dd379b0e8b570887c/images/no-poster-w185-v2.png,Person
474,James Caan,1940,https://assets.tmdb.org/assets/7f29bd8b3370c71dd379b0e8b570887c/images/no-poster-w185-v2.png,Person
475,Richard S. Castellano,1933,https://assets.tmdb.org/assets/7f29bd8b3370c71dd379b0e8b570887c/images/no-poster-w185-v2.png,Person
476,Robert Duvall,1931,https://assets.tmdb.org/assets/7f29bd8b3370c71dd379b0e8b570887c/images/no-poster-w185-v2.png,Person
477,Sterling Hayden,1916,https://assets.tmdb.org/assets/7f29bd8b3370c71dd379b0e8b570887c/images/no-poster-w185-v2.png,Person
478,Richard Conte,1910,https://assets.tmdb.org/assets/7f29bd8b3370c71dd379b0e8b570887c/images/no-poster-w185-v2.png,Person
479,Al Lettieri,1928,https://assets.tmdb.org/assets/7f29bd8b3370c71dd379b0e8b570887c/images/no-poster-w185-v2.png,Person
480,Diane Keaton,1946,https://assets.tmdb.org/assets/7f29bd8b3370c71dd379b0e8b570887c/images/no-poster-w185-v2.png,Person
481,Abe Vigoda,1921,https://assets.tmdb.org/assets/7f29bd8b3370c71dd379b0e8b570887c/images/no-poster-w185-v2.png,Person
482,Talia Shire,1946,https://assets.tmdb.org/assets/7f29bd8b3370c71dd379b0e8b570887c/images/no-poster-w185-v2.png,Person
483,Gianni Russo,1943,https://assets.tmdb.org/assets/7f29bd8b3370c71dd379b0e8b570887c/images/no-poster-w185-v2.png,Person
484,John Cazale,1935,https://assets.tmdb.org/assets/7f29bd8b3370c71dd379b0e8b570887c/images/no-poster-w185-v2.png,Person
485,John Marley,1907,https://assets.tmdb.org/assets/7f29bd8b3370c71dd379b0e8b570887c/images/no-poster-w185-v2.png,Person
486,Rudy Bond,1912,https://assets.tmdb.org/assets/7f29bd8b3370c71dd379b0e8b570887c/images/no-poster-w185-v2.png,Person
487,Al Martino,1927,https://assets.tmdb.org/assets/7f29bd8b3370c71dd379b0e8b570887c/images/no-poster-w185-v2.png,Person
488,Simonetta Stefanelli,1954,https://assets.tmdb.org/assets/7f29bd8b3370c71dd379b0e8b570887c/images/no-poster-w185-v2.png,Person
489,Alex Rocco,1936,https://assets.tmdb.org/assets/7f29bd8b3370c71dd379b0e8b570887c/images/no-poster-w185-v2.png,Person
490,Sofia Coppola,1971,https://image.tmdb.org/t/p/w185/zG1WS4sS5jvYkObHMxsK6fGK7Uk.jpg,Person
491,Francis Ford Coppola,1939,https://assets.tmdb.org/assets/7f29bd8b3370c71dd379b0e8b570887c/images/no-poster-w185-v2.png,Person
492,Mario Puzo,1920,https://assets.tmdb.org/assets/7f29bd8b3370c71dd379b0e8b570887c/images/no-poster-w185-v2.png,Person
495,Stephen King,1000,https://image.tmdb.org/t/p/w185/qCGKepqazqcurcD39eIiQZHLosz.jpg,Person
497,Robert De Niro,1943,https://assets.tmdb.org/assets/7f29bd8b3370c71dd379b0e8b570887c/images/no-poster-w185-v2.png,Person
498,Lee Strasberg,1901,https://assets.tmdb.org/assets/7f29bd8b3370c71dd379b0e8b570887c/images/no-poster-w185-v2.png,Person
499,Michael V. Gazzo,1923,https://assets.tmdb.org/assets/7f29bd8b3370c71dd379b0e8b570887c/images/no-poster-w185-v2.png,Person
500,G. D. Spradlin,1920,https://assets.tmdb.org/assets/7f29bd8b3370c71dd379b0e8b570887c/images/no-poster-w185-v2.png,Person
501,Richard Bright,1937,https://assets.tmdb.org/assets/7f29bd8b3370c71dd379b0e8b570887c/images/no-poster-w185-v2.png,Person
502,Gastone Moschin,1929,https://assets.tmdb.org/assets/7f29bd8b3370c71dd379b0e8b570887c/images/no-poster-w185-v2.png,Person
503,Bruno Kirby,1949,https://assets.tmdb.org/assets/7f29bd8b3370c71dd379b0e8b570887c/images/no-poster-w185-v2.png,Person
504,Frank Sivero,1952,https://assets.tmdb.org/assets/7f29bd8b3370c71dd379b0e8b570887c/images/no-poster-w185-v2.png,Person
505,Marianna Hill,1941,https://assets.tmdb.org/assets/7f29bd8b3370c71dd379b0e8b570887c/images/no-poster-w185-v2.png,Person
506,Dominic Chianese,1931,https://assets.tmdb.org/assets/7f29bd8b3370c71dd379b0e8b570887c/images/no-poster-w185-v2.png,Person
507,Fay Spain,1932,https://assets.tmdb.org/assets/7f29bd8b3370c71dd379b0e8b570887c/images/no-poster-w185-v2.png,Person
508,Harry Dean Stanton,1926,https://image.tmdb.org/t/p/w185/nDSav6v9Z8dSJSXoooT2g0LjbCd.jpg,Person
509,Danny Aiello,1933,https://image.tmdb.org/t/p/w185/UvPalkz4ynJJrTcrbpfD05gVoO.jpg,Person
510,Roger Corman,1926,https://image.tmdb.org/t/p/w185/gCfEvxl7jTv2dBo8HvwWVMi3auz.jpg,Person
516,Drew Maxwell,1000,https://assets.tmdb.org/assets/7f29bd8b3370c71dd379b0e8b570887c/images/no-poster-w185-v2.png,Person
518,Eli Wallach,1915,https://assets.tmdb.org/assets/7f29bd8b3370c71dd379b0e8b570887c/images/no-poster-w185-v2.png,Person
519,Clint Eastwood,1930,https://assets.tmdb.org/assets/7f29bd8b3370c71dd379b0e8b570887c/images/no-poster-w185-v2.png,Person
520,Lee Van Cleef,1925,https://assets.tmdb.org/assets/7f29bd8b3370c71dd379b0e8b570887c/images/no-poster-w185-v2.png,Person
521,Aldo Giuffr��,1924,https://assets.tmdb.org/assets/7f29bd8b3370c71dd379b0e8b570887c/images/no-poster-w185-v2.png,Person
522,Aldo Sambrell,1931,https://assets.tmdb.org/assets/7f29bd8b3370c71dd379b0e8b570887c/images/no-poster-w185-v2.png,Person
523,Mario Brega,1923,https://assets.tmdb.org/assets/7f29bd8b3370c71dd379b0e8b570887c/images/no-poster-w185-v2.png,Person
524,Sergio Leone,1929,https://assets.tmdb.org/assets/7f29bd8b3370c71dd379b0e8b570887c/images/no-poster-w185-v2.png,Person
525,Luciano Vincenzoni,1000,https://assets.tmdb.org/assets/7f29bd8b3370c71dd379b0e8b570887c/images/no-poster-w185-v2.png,Person
533,Heath Ledger,1979,https://assets.tmdb.org/assets/7f29bd8b3370c71dd379b0e8b570887c/images/no-poster-w185-v2.png,Person
534,Maggie Gyllenhaal,1977,https://assets.tmdb.org/assets/7f29bd8b3370c71dd379b0e8b570887c/images/no-poster-w185-v2.png,Person
535,Aaron Eckhart,1968,https://assets.tmdb.org/assets/7f29bd8b3370c71dd379b0e8b570887c/images/no-poster-w185-v2.png,Person
536,Gary Oldman,1958,https://image.tmdb.org/t/p/w185/kCWUeBkZ2sf8LObSpUFgRngawQb.jpg,Person
537,Michael Caine,1933,https://assets.tmdb.org/assets/7f29bd8b3370c71dd379b0e8b570887c/images/no-poster-w185-v2.png,Person
538,Cillian Murphy,1976,https://assets.tmdb.org/assets/7f29bd8b3370c71dd379b0e8b570887c/images/no-poster-w185-v2.png,Person
539,Christian Bale,1974,https://assets.tmdb.org/assets/7f29bd8b3370c71dd379b0e8b570887c/images/no-poster-w185-v2.png,Person
540,Anthony Michael Hall,1968,https://assets.tmdb.org/assets/7f29bd8b3370c71dd379b0e8b570887c/images/no-poster-w185-v2.png,Person
541,Nestor Carbonell,1967,https://assets.tmdb.org/assets/7f29bd8b3370c71dd379b0e8b570887c/images/no-poster-w185-v2.png,Person
542,William Fichtner,1956,https://assets.tmdb.org/assets/7f29bd8b3370c71dd379b0e8b570887c/images/no-poster-w185-v2.png,Person
543,Chin Han,1969,https://assets.tmdb.org/assets/7f29bd8b3370c71dd379b0e8b570887c/images/no-poster-w185-v2.png,Person
544,Eric Roberts,1956,https://assets.tmdb.org/assets/7f29bd8b3370c71dd379b0e8b570887c/images/no-poster-w185-v2.png,Person
545,Melinda McGraw,1963,https://assets.tmdb.org/assets/7f29bd8b3370c71dd379b0e8b570887c/images/no-poster-w185-v2.png,Person
546,Ritchie Coster,1967,https://assets.tmdb.org/assets/7f29bd8b3370c71dd379b0e8b570887c/images/no-poster-w185-v2.png,Person
547,Keith Szarabajka,1952,https://assets.tmdb.org/assets/7f29bd8b3370c71dd379b0e8b570887c/images/no-poster-w185-v2.png,Person
548,Colin McFarlane,1961,https://assets.tmdb.org/assets/7f29bd8b3370c71dd379b0e8b570887c/images/no-poster-w185-v2.png,Person
549,Christopher Nolan,1970,https://assets.tmdb.org/assets/7f29bd8b3370c71dd379b0e8b570887c/images/no-poster-w185-v2.png,Person
550,Jonathan Nolan,1976,https://assets.tmdb.org/assets/7f29bd8b3370c71dd379b0e8b570887c/images/no-poster-w185-v2.png,Person
551,David S. Goyer,1965,https://assets.tmdb.org/assets/7f29bd8b3370c71dd379b0e8b570887c/images/no-poster-w185-v2.png,Person
565,Anne Hathaway,1982,https://image.tmdb.org/t/p/w185/jUMOKwSUBnTcMeN1HfhutiY49Ad.jpg,Person
566,Tom Hardy,1977,https://image.tmdb.org/t/p/w185/5HZSvW12xIWqdxasIL92pIiTSkY.jpg,Person
567,Joseph Gordon-Levitt,1981,https://assets.tmdb.org/assets/7f29bd8b3370c71dd379b0e8b570887c/images/no-poster-w185-v2.png,Person
568,Juno Temple,1989,https://assets.tmdb.org/assets/7f29bd8b3370c71dd379b0e8b570887c/images/no-poster-w185-v2.png,Person
569,Marion Cotillard,1975,https://assets.tmdb.org/assets/7f29bd8b3370c71dd379b0e8b570887c/images/no-poster-w185-v2.png,Person
570,Josh Pence,1982,https://assets.tmdb.org/assets/7f29bd8b3370c71dd379b0e8b570887c/images/no-poster-w185-v2.png,Person
571,Vincent van Ommen,1982,https://assets.tmdb.org/assets/7f29bd8b3370c71dd379b0e8b570887c/images/no-poster-w185-v2.png,Person
572,Tom Conti,1941,https://assets.tmdb.org/assets/7f29bd8b3370c71dd379b0e8b570887c/images/no-poster-w185-v2.png,Person
573,Matthew Modine,1959,https://image.tmdb.org/t/p/w185/tEQG1Us5IuoKYtufZe6waWtxfeg.jpg,Person
574,Joey King,1999,https://assets.tmdb.org/assets/7f29bd8b3370c71dd379b0e8b570887c/images/no-poster-w185-v2.png,Person
575,Alon Aboutboul,1965,https://assets.tmdb.org/assets/7f29bd8b3370c71dd379b0e8b570887c/images/no-poster-w185-v2.png,Person
576,Liam Neeson,1952,https://image.tmdb.org/t/p/w185/oxCCVmDSxWcqIyMknRoOAZkvb6D.jpg,Person
577,Warren Brown,1978,https://assets.tmdb.org/assets/7f29bd8b3370c71dd379b0e8b570887c/images/no-poster-w185-v2.png,Person
578,Ben Mendelsohn,1969,https://assets.tmdb.org/assets/7f29bd8b3370c71dd379b0e8b570887c/images/no-poster-w185-v2.png,Person
579,Daniel Sunjata,1971,https://assets.tmdb.org/assets/7f29bd8b3370c71dd379b0e8b570887c/images/no-poster-w185-v2.png,Person
580,Aiden Gillen,1968,https://assets.tmdb.org/assets/7f29bd8b3370c71dd379b0e8b570887c/images/no-poster-w185-v2.png,Person
599,Ben Kingsley,1943,https://assets.tmdb.org/assets/7f29bd8b3370c71dd379b0e8b570887c/images/no-poster-w185-v2.png,Person
600,Ralph Fiennes,1962,https://assets.tmdb.org/assets/7f29bd8b3370c71dd379b0e8b570887c/images/no-poster-w185-v2.png,Person
601,Caroline Goodall,1959,https://assets.tmdb.org/assets/7f29bd8b3370c71dd379b0e8b570887c/images/no-poster-w185-v2.png,Person
602,Embeth Davidtz,1965,https://assets.tmdb.org/assets/7f29bd8b3370c71dd379b0e8b570887c/images/no-poster-w185-v2.png,Person
603,Andrzej Seweryn,1946,https://assets.tmdb.org/assets/7f29bd8b3370c71dd379b0e8b570887c/images/no-poster-w185-v2.png,Person
604,Friedrich von Thun,1942,https://assets.tmdb.org/assets/7f29bd8b3370c71dd379b0e8b570887c/images/no-poster-w185-v2.png,Person
605,Krzysztof Luft,1958,https://assets.tmdb.org/assets/7f29bd8b3370c71dd379b0e8b570887c/images/no-poster-w185-v2.png,Person
606,Michael Gordon,1909,https://assets.tmdb.org/assets/7f29bd8b3370c71dd379b0e8b570887c/images/no-poster-w185-v2.png,Person
607,Steven Spielberg,1946,https://image.tmdb.org/t/p/w185/pOK15UNaw75Bzj7BQO1ulehbPPm.jpg,Person
608,Steven Zaillian,1953,https://assets.tmdb.org/assets/7f29bd8b3370c71dd379b0e8b570887c/images/no-poster-w185-v2.png,Person
609,Gerald R. Molen,1935,https://assets.tmdb.org/assets/7f29bd8b3370c71dd379b0e8b570887c/images/no-poster-w185-v2.png,Person
616,Henry Fonda,1905,https://assets.tmdb.org/assets/7f29bd8b3370c71dd379b0e8b570887c/images/no-poster-w185-v2.png,Person
617,Lee J. Cobb,1911,https://assets.tmdb.org/assets/7f29bd8b3370c71dd379b0e8b570887c/images/no-poster-w185-v2.png,Person
618,Ed Begley,1901,https://assets.tmdb.org/assets/7f29bd8b3370c71dd379b0e8b570887c/images/no-poster-w185-v2.png,Person
619,E. G. Marshall,1914,https://assets.tmdb.org/assets/7f29bd8b3370c71dd379b0e8b570887c/images/no-poster-w185-v2.png,Person
620,Jack Warden,1920,https://assets.tmdb.org/assets/7f29bd8b3370c71dd379b0e8b570887c/images/no-poster-w185-v2.png,Person
621,Martin Balsam,1919,https://assets.tmdb.org/assets/7f29bd8b3370c71dd379b0e8b570887c/images/no-poster-w185-v2.png,Person
622,John Fiedler,1925,https://assets.tmdb.org/assets/7f29bd8b3370c71dd379b0e8b570887c/images/no-poster-w185-v2.png,Person
623,Jack Klugman,1922,https://assets.tmdb.org/assets/7f29bd8b3370c71dd379b0e8b570887c/images/no-poster-w185-v2.png,Person
624,Edward Binns,1916,https://assets.tmdb.org/assets/7f29bd8b3370c71dd379b0e8b570887c/images/no-poster-w185-v2.png,Person
625,George Voskovec,1905,https://assets.tmdb.org/assets/7f29bd8b3370c71dd379b0e8b570887c/images/no-poster-w185-v2.png,Person
626,Robert Webber,1924,https://assets.tmdb.org/assets/7f29bd8b3370c71dd379b0e8b570887c/images/no-poster-w185-v2.png,Person
627,Sidney Lumet,1924,https://assets.tmdb.org/assets/7f29bd8b3370c71dd379b0e8b570887c/images/no-poster-w185-v2.png,Person
628,Reginald Rose,1000,https://assets.tmdb.org/assets/7f29bd8b3370c71dd379b0e8b570887c/images/no-poster-w185-v2.png,Person
642,Elijah Wood,1981,https://image.tmdb.org/t/p/w185/c4fB3WAS7jN78rihw2kB81v6sez.jpg,Person
643,Ian McKellen,1939,https://image.tmdb.org/t/p/w185/c51mP46oPgAgFf7bFWVHlScZynM.jpg,Person
644,Viggo Mortensen,1958,https://image.tmdb.org/t/p/w185/hKMk7FsqzBDkQt72fOAOLePZEko.jpg,Person
645,Liv Tyler,1977,https://image.tmdb.org/t/p/w185/lD2YnrKdnRUvFDMSiK2pw13ZMIB.jpg,Person
646,Orlando Bloom,1977,https://image.tmdb.org/t/p/w185/vq90ECKinICxJYYZpbga4pMwch.jpg,Person
647,John Rhys-Davies,1944,https://image.tmdb.org/t/p/w185/zZ67PuoFfik9QlZyfaEsFBC1yVJ.jpg,Person
648,Sean Astin,1971,https://image.tmdb.org/t/p/w185/ezv9hRbgrR6Uuz4xWqX22cpiRXJ.jpg,Person
649,Billy Boyd,1968,https://image.tmdb.org/t/p/w185/vNhUoHhBqyjDVuc0nxJHanTKA2E.jpg,Person
650,Dominic Monaghan,1976,https://image.tmdb.org/t/p/w185/sXkqoK3v1nfCudXIcxKVwDc0imw.jpg,Person
651,Bernard Hill,1944,https://image.tmdb.org/t/p/w185/vnepbY1BOJ2AX20bkngAT7ehJP.jpg,Person
652,Andy Serkis,1964,https://image.tmdb.org/t/p/w185/nQRsxFveJaUIlZ4GYWDe9uJ6u2f.jpg,Person
653,Miranda Otto,1967,https://image.tmdb.org/t/p/w185/l3BzUjJMK3JbqvCiCIFP4beMChS.jpg,Person
654,David Wenham,1965,https://image.tmdb.org/t/p/w185/hOG5mAd5pzT30V6adkwkpe87HY7.jpg,Person
655,Karl Urban,1972,https://image.tmdb.org/t/p/w185/tHYOUO33K7iaDw8nXyqRvDIkVuM.jpg,Person
656,John Noble,1948,https://image.tmdb.org/t/p/w185/4A2mSS9Bea5I2bNur8ZlQZXu0H9.jpg,Person
657,Ian Holm,1931,https://image.tmdb.org/t/p/w185/uq6Wx7PaLgaw969avH7tLHnSb0Q.jpg,Person
658,Cate Blanchett,1969,https://image.tmdb.org/t/p/w185/X3CMrI6lkzLdS5ZQqQWeRJkAGU.jpg,Person
659,Lawrence Makoare,1968,https://image.tmdb.org/t/p/w185/yVHInaWXU4ynUnNE3qa59hvsFAJ.jpg,Person
660,Paul Norell,1952,https://image.tmdb.org/t/p/w185/dLjsu7vVkgXLLQ8QfqRb6iDRxvH.jpg,Person
661,Sarah McLeod,1971,https://image.tmdb.org/t/p/w185/8BFVSAmPX0sjyqelYCtJktF0Vk6.jpg,Person
662,Sean Bean,1959,https://image.tmdb.org/t/p/w185/vWQjx4ESW7T3iKjIbZfi933yI1g.jpg,Person
663,Marton Csokas,1966,https://image.tmdb.org/t/p/w185/y3I1CjTRIqVJnz3HlrnVBDcwWhN.jpg,Person
664,Peter Jackson,1961,https://image.tmdb.org/t/p/w185/hTUqZAjH7SHXb0EXEA1I9EoJFnF.jpg,Person
665,Bob Weinstein,1954,https://assets.tmdb.org/assets/7f29bd8b3370c71dd379b0e8b570887c/images/no-poster-w185-v2.png,Person
666,Harvey Weinstein,1952,https://assets.tmdb.org/assets/7f29bd8b3370c71dd379b0e8b570887c/images/no-poster-w185-v2.png,Person
667,Fran Walsh,1959,https://assets.tmdb.org/assets/7f29bd8b3370c71dd379b0e8b570887c/images/no-poster-w185-v2.png,Person
668,Philippa Boyens,1000,https://assets.tmdb.org/assets/7f29bd8b3370c71dd379b0e8b570887c/images/no-poster-w185-v2.png,Person
682,Edward Norton,1969,https://assets.tmdb.org/assets/7f29bd8b3370c71dd379b0e8b570887c/images/no-poster-w185-v2.png,Person
683,Brad Pitt,1963,https://assets.tmdb.org/assets/7f29bd8b3370c71dd379b0e8b570887c/images/no-poster-w185-v2.png,Person
684,Helena Bonham Carter,1966,https://image.tmdb.org/t/p/w185/y09R1VSKmjO43PLocRMZQ9vJihh.jpg,Person
685,Meat Loaf,1947,https://assets.tmdb.org/assets/7f29bd8b3370c71dd379b0e8b570887c/images/no-poster-w185-v2.png,Person
686,Jared Leto,1971,https://assets.tmdb.org/assets/7f29bd8b3370c71dd379b0e8b570887c/images/no-poster-w185-v2.png,Person
687,Zach Grenier,1954,https://assets.tmdb.org/assets/7f29bd8b3370c71dd379b0e8b570887c/images/no-poster-w185-v2.png,Person
688,Holt McCallany,1964,https://assets.tmdb.org/assets/7f29bd8b3370c71dd379b0e8b570887c/images/no-poster-w185-v2.png,Person
689,Eion Bailey,1976,https://assets.tmdb.org/assets/7f29bd8b3370c71dd379b0e8b570887c/images/no-poster-w185-v2.png,Person
690,David Fincher,1962,https://assets.tmdb.org/assets/7f29bd8b3370c71dd379b0e8b570887c/images/no-poster-w185-v2.png,Person
699,Christopher Lee,1922,https://image.tmdb.org/t/p/w185/7YwjaHLmuy1isK6oh3TnBDd6Oml.jpg,Person
700,Craig Parker,1970,https://image.tmdb.org/t/p/w185/amJPcZnpWIABjbaN5FzW5vvTIEk.jpg,Person
711,Mark Hamill,1951,https://image.tmdb.org/t/p/w185/klQrOckrIuUluOEp7g0osOfTgWI.jpg,Person
712,Harrison Ford,1942,https://image.tmdb.org/t/p/w185/7CcoVFTogQgex2kJkXKMe8qHZrC.jpg,Person
713,Carrie Fisher,1956,https://image.tmdb.org/t/p/w185/1Kpvl1B7SRrdLKjqDfT6kb7nyRB.jpg,Person
714,David Prowse,1935,https://image.tmdb.org/t/p/w185/a2RoHYMSiRqV6hXL6Z5CXtNyDkt.jpg,Person
715,Billy Dee Williams,1937,https://image.tmdb.org/t/p/w185/kkAotKJL1s3Kvh9bRNELDfAOZHs.jpg,Person
716,Anthony Daniels,1946,https://image.tmdb.org/t/p/w185/cljvryjb3VwTsNR7fjQKjNPMaBB.jpg,Person
717,Peter Mayhew,1944,https://image.tmdb.org/t/p/w185/hAavH3DKfzia7b3CTFkHd8HLgCz.jpg,Person
718,James Earl Jones,1931,https://image.tmdb.org/t/p/w185/pxC7jiRTHArPldgkqSneXRsrRJ9.jpg,Person
719,Kenny Baker,1934,https://image.tmdb.org/t/p/w185/wnTrBdbJr23GWApnmARg0F7Gpja.jpg,Person
720,Frank Oz,1944,https://image.tmdb.org/t/p/w185/9KqCa2wS4EO2yymrVIgMiFHh6M4.jpg,Person
721,Alec Guinness,1914,https://image.tmdb.org/t/p/w185/nv3ppxgUQJytFGXZNde4f9ZlshB.jpg,Person
722,Julian Glover,1935,https://assets.tmdb.org/assets/7f29bd8b3370c71dd379b0e8b570887c/images/no-poster-w185-v2.png,Person
723,John Ratzenberger,1947,https://assets.tmdb.org/assets/7f29bd8b3370c71dd379b0e8b570887c/images/no-poster-w185-v2.png,Person
724,Irvin Kershner,1923,https://assets.tmdb.org/assets/7f29bd8b3370c71dd379b0e8b570887c/images/no-poster-w185-v2.png,Person
725,Gary Kurtz,1940,https://image.tmdb.org/t/p/w185/qMuYGnSQn4V5PSfEpEjLCOeWPM0.jpg,Person
726,Leigh Brackett,1000,https://assets.tmdb.org/assets/7f29bd8b3370c71dd379b0e8b570887c/images/no-poster-w185-v2.png,Person
727,Lawrence Kasdan,1949,https://assets.tmdb.org/assets/7f29bd8b3370c71dd379b0e8b570887c/images/no-poster-w185-v2.png,Person
728,George Lucas,1944,https://image.tmdb.org/t/p/w185/rJ1zvSeZfge0mHtLnzJn4Mkw18S.jpg,Person
738,Leonardo DiCaprio,1974,https://assets.tmdb.org/assets/7f29bd8b3370c71dd379b0e8b570887c/images/no-poster-w185-v2.png,Person
739,Ken Watanabe,1959,https://assets.tmdb.org/assets/7f29bd8b3370c71dd379b0e8b570887c/images/no-poster-w185-v2.png,Person
740,Ellen Page,1987,https://assets.tmdb.org/assets/7f29bd8b3370c71dd379b0e8b570887c/images/no-poster-w185-v2.png,Person
741,Tom Berenger,1949,https://assets.tmdb.org/assets/7f29bd8b3370c71dd379b0e8b570887c/images/no-poster-w185-v2.png,Person
742,Lukas Haas,1976,https://assets.tmdb.org/assets/7f29bd8b3370c71dd379b0e8b570887c/images/no-poster-w185-v2.png,Person
743,Dileep Rao,1973,https://image.tmdb.org/t/p/w185/f9xQkvWw5guOePcCxkso1i09w12.jpg,Person
744,Pete Postlethwaite,1945,https://assets.tmdb.org/assets/7f29bd8b3370c71dd379b0e8b570887c/images/no-poster-w185-v2.png,Person
745,Talulah Riley,1985,https://assets.tmdb.org/assets/7f29bd8b3370c71dd379b0e8b570887c/images/no-poster-w185-v2.png,Person
751,Jack Nicholson,1937,https://assets.tmdb.org/assets/7f29bd8b3370c71dd379b0e8b570887c/images/no-poster-w185-v2.png,Person
752,Louise Fletcher,1934,https://assets.tmdb.org/assets/7f29bd8b3370c71dd379b0e8b570887c/images/no-poster-w185-v2.png,Person
753,William Redfield,1927,https://assets.tmdb.org/assets/7f29bd8b3370c71dd379b0e8b570887c/images/no-poster-w185-v2.png,Person
754,Scatman Crothers,1910,https://assets.tmdb.org/assets/7f29bd8b3370c71dd379b0e8b570887c/images/no-poster-w185-v2.png,Person
755,Brad Dourif,1950,https://image.tmdb.org/t/p/w185/6pqeGxtWEdDjYsnQfUkmzXLlDvs.jpg,Person
756,Christopher Lloyd,1938,https://image.tmdb.org/t/p/w185/iQzG9apaIsHnn7iGrer3YEDp8Zo.jpg,Person
757,Will Sampson,1933,https://assets.tmdb.org/assets/7f29bd8b3370c71dd379b0e8b570887c/images/no-poster-w185-v2.png,Person
758,Michael Berryman,1948,https://assets.tmdb.org/assets/7f29bd8b3370c71dd379b0e8b570887c/images/no-poster-w185-v2.png,Person
759,William Duell,1923,https://assets.tmdb.org/assets/7f29bd8b3370c71dd379b0e8b570887c/images/no-poster-w185-v2.png,Person
760,Vincent Schiavelli,1948,https://assets.tmdb.org/assets/7f29bd8b3370c71dd379b0e8b570887c/images/no-poster-w185-v2.png,Person
761,Milo? Forman,1932,https://assets.tmdb.org/assets/7f29bd8b3370c71dd379b0e8b570887c/images/no-poster-w185-v2.png,Person
762,Bo Goldman,1000,https://assets.tmdb.org/assets/7f29bd8b3370c71dd379b0e8b570887c/images/no-poster-w185-v2.png,Person
763,Lawrence Hauben,1000,https://assets.tmdb.org/assets/7f29bd8b3370c71dd379b0e8b570887c/images/no-poster-w185-v2.png,Person
764,Michael Douglas,1944,https://assets.tmdb.org/assets/7f29bd8b3370c71dd379b0e8b570887c/images/no-poster-w185-v2.png,Person
771,Robin Wright,1966,https://image.tmdb.org/t/p/w185/cke0NNZP4lHRtOethRy2XGSOp3E.jpg,Person
772,Gary Sinise,1955,https://image.tmdb.org/t/p/w185/n5AbjoNfONICaggp2f1QhYAjAoZ.jpg,Person
773,Mykelti Williamson,1960,https://image.tmdb.org/t/p/w185/8TTxzpuvvpw2tB8xZBCDslYupNU.jpg,Person
774,Sally Field,1946,https://image.tmdb.org/t/p/w185/ymhpsxujOO3a9qaGYSpkenCt9Le.jpg,Person
775,Haley Joel Osment,1988,https://image.tmdb.org/t/p/w185/znbiMgFoGnY3NMANOa8u13wJqFm.jpg,Person
776,Robert Zemeckis,1951,https://image.tmdb.org/t/p/w185/jJpbvGw4xTC8lWMqNYpLVCMMVV.jpg,Person
777,Winston Groom,1000,https://assets.tmdb.org/assets/7f29bd8b3370c71dd379b0e8b570887c/images/no-poster-w185-v2.png,Person
778,Eric Roth,1945,https://assets.tmdb.org/assets/7f29bd8b3370c71dd379b0e8b570887c/images/no-poster-w185-v2.png,Person
782,Ray Liotta,1954,https://assets.tmdb.org/assets/7f29bd8b3370c71dd379b0e8b570887c/images/no-poster-w185-v2.png,Person
783,Joe Pesci,1943,https://assets.tmdb.org/assets/7f29bd8b3370c71dd379b0e8b570887c/images/no-poster-w185-v2.png,Person
784,Lorraine Bracco,1954,https://assets.tmdb.org/assets/7f29bd8b3370c71dd379b0e8b570887c/images/no-poster-w185-v2.png,Person
785,Tony Darrow,1938,https://assets.tmdb.org/assets/7f29bd8b3370c71dd379b0e8b570887c/images/no-poster-w185-v2.png,Person
786,Mike Starr,1950,https://assets.tmdb.org/assets/7f29bd8b3370c71dd379b0e8b570887c/images/no-poster-w185-v2.png,Person
787,Frank Vincent,1939,https://assets.tmdb.org/assets/7f29bd8b3370c71dd379b0e8b570887c/images/no-poster-w185-v2.png,Person
788,Debi Mazar,1964,https://assets.tmdb.org/assets/7f29bd8b3370c71dd379b0e8b570887c/images/no-poster-w185-v2.png,Person
789,Michael Imperioli,1966,https://assets.tmdb.org/assets/7f29bd8b3370c71dd379b0e8b570887c/images/no-poster-w185-v2.png,Person
790,Paul Sorvino,1939,https://assets.tmdb.org/assets/7f29bd8b3370c71dd379b0e8b570887c/images/no-poster-w185-v2.png,Person
791,Martin Scorsese,1942,https://assets.tmdb.org/assets/7f29bd8b3370c71dd379b0e8b570887c/images/no-poster-w185-v2.png,Person
792,Nicholas Pileggi,1933,https://assets.tmdb.org/assets/7f29bd8b3370c71dd379b0e8b570887c/images/no-poster-w185-v2.png,Person
793,Irwin Winkler,1931,https://assets.tmdb.org/assets/7f29bd8b3370c71dd379b0e8b570887c/images/no-poster-w185-v2.png,Person
798,Olivia Tennet,1991,https://image.tmdb.org/t/p/w185/hv8zCPSiju8YpVXXjv17osV2pV7.jpg,Person
806,Peter Cushing,1913,https://image.tmdb.org/t/p/w185/iFE9Xi5B0eZcNFqvCx78UUzmUfI.jpg,Person
807,Phil Brown,1916,https://image.tmdb.org/t/p/w185/exkyN66HiZWJDmpcOza2hWoswOo.jpg,Person
808,Shelagh Fraser,1920,https://image.tmdb.org/t/p/w185/xNfiibBvknHztEnL0g7dcdrxOKq.jpg,Person
809,Roger Lloyd-Pack,1944,https://assets.tmdb.org/assets/7f29bd8b3370c71dd379b0e8b570887c/images/no-poster-w185-v2.png,Person
810,William Hootkins,1948,https://image.tmdb.org/t/p/w185/lGPSg64fsqbWS5PUFKsUKLNOqsx.jpg,Person
811,Malcolm Tierney,1938,https://image.tmdb.org/t/p/w185/fe7Cz6sxTLt9qSQANRpAAaYcPlV.jpg,Person
812,Eddie Byrne,1911,https://image.tmdb.org/t/p/w185/mSwNawI6Ou8m99Y05WjctoTWYUK.jpg,Person
813,Denis Lawson,1947,https://image.tmdb.org/t/p/w185/78Yl1gcn5TpS6WsZ1tjwdX8j7Vd.jpg,Person
814,Garrick Hagon,1939,https://image.tmdb.org/t/p/w185/lZYitsCPzlwevNuHzqaSZMQiuUa.jpg,Person
815,Joe Johnston,1950,https://image.tmdb.org/t/p/w185/dBLdJJo551G2WH0TPv6ze0FC1ei.jpg,Person
907,Chuck Palahniuk,1000,https://assets.tmdb.org/assets/7f29bd8b3370c71dd379b0e8b570887c/images/no-poster-w185-v2.png,Person
1073,Amber Heard,1986,https://assets.tmdb.org/assets/7f29bd8b3370c71dd379b0e8b570887c/images/no-poster-w185-v2.png,Person
1074,Kevin Costner,1955,https://assets.tmdb.org/assets/7f29bd8b3370c71dd379b0e8b570887c/images/no-poster-w185-v2.png,Person
1075,Hailee Steinfeld,1996,https://assets.tmdb.org/assets/7f29bd8b3370c71dd379b0e8b570887c/images/no-poster-w185-v2.png,Person
1076,Connie Nielsen,1965,https://assets.tmdb.org/assets/7f29bd8b3370c71dd379b0e8b570887c/images/no-poster-w185-v2.png,Person
1077,Joseph McGinty Nichol,1968,https://assets.tmdb.org/assets/7f29bd8b3370c71dd379b0e8b570887c/images/no-poster-w185-v2.png,Person
1094,Luc Besson,1959,https://image.tmdb.org/t/p/w185/2TzRsqSx0xb1DK3HsEQKSXhRGcu.jpg,Person
1095,Adi Hasak,1000,https://assets.tmdb.org/assets/7f29bd8b3370c71dd379b0e8b570887c/images/no-poster-w185-v2.png,Person
1098,Eva Green,1980,https://assets.tmdb.org/assets/7f29bd8b3370c71dd379b0e8b570887c/images/no-poster-w185-v2.png,Person
1099,Lena Headey,1973,https://assets.tmdb.org/assets/7f29bd8b3370c71dd379b0e8b570887c/images/no-poster-w185-v2.png,Person
1100,Callan Mulvey,1975,https://assets.tmdb.org/assets/7f29bd8b3370c71dd379b0e8b570887c/images/no-poster-w185-v2.png,Person
1101,Rodrigo Santoro,1975,https://assets.tmdb.org/assets/7f29bd8b3370c71dd379b0e8b570887c/images/no-poster-w185-v2.png,Person
1102,Jack O'Connell,1990,https://assets.tmdb.org/assets/7f29bd8b3370c71dd379b0e8b570887c/images/no-poster-w185-v2.png,Person
1103,Andrew Tiernan,1965,https://assets.tmdb.org/assets/7f29bd8b3370c71dd379b0e8b570887c/images/no-poster-w185-v2.png,Person
1104,Andrew Pleavin,1968,https://assets.tmdb.org/assets/7f29bd8b3370c71dd379b0e8b570887c/images/no-poster-w185-v2.png,Person
1105,Hans Matheson,1975,https://assets.tmdb.org/assets/7f29bd8b3370c71dd379b0e8b570887c/images/no-poster-w185-v2.png,Person
1106,Zach Snyder,1000,https://assets.tmdb.org/assets/7f29bd8b3370c71dd379b0e8b570887c/images/no-poster-w185-v2.png,Person
1107,Noam Murro,1000,https://assets.tmdb.org/assets/7f29bd8b3370c71dd379b0e8b570887c/images/no-poster-w185-v2.png,Person
1108,Kurt Johnstad,1000,https://assets.tmdb.org/assets/7f29bd8b3370c71dd379b0e8b570887c/images/no-poster-w185-v2.png,Person
1119,Bradley Cooper,1975,https://assets.tmdb.org/assets/7f29bd8b3370c71dd379b0e8b570887c/images/no-poster-w185-v2.png,Person
1120,Amy Adams,1974,https://assets.tmdb.org/assets/7f29bd8b3370c71dd379b0e8b570887c/images/no-poster-w185-v2.png,Person
1121,Jeremy Renner,1971,https://assets.tmdb.org/assets/7f29bd8b3370c71dd379b0e8b570887c/images/no-poster-w185-v2.png,Person
1122,Jennifer Lawrence,1990,https://assets.tmdb.org/assets/7f29bd8b3370c71dd379b0e8b570887c/images/no-poster-w185-v2.png,Person
1123,Louis C.K.,1967,https://assets.tmdb.org/assets/7f29bd8b3370c71dd379b0e8b570887c/images/no-poster-w185-v2.png,Person
1124,Jack Huston,1982,https://assets.tmdb.org/assets/7f29bd8b3370c71dd379b0e8b570887c/images/no-poster-w185-v2.png,Person
1125,Michael Pe?a,1976,https://assets.tmdb.org/assets/7f29bd8b3370c71dd379b0e8b570887c/images/no-poster-w185-v2.png,Person
1126,Alessandro Nivola,1972,https://assets.tmdb.org/assets/7f29bd8b3370c71dd379b0e8b570887c/images/no-poster-w185-v2.png,Person
1127,Elisabeth R?hm,1973,https://assets.tmdb.org/assets/7f29bd8b3370c71dd379b0e8b570887c/images/no-poster-w185-v2.png,Person
1128,Dawn Olivieri,1981,https://assets.tmdb.org/assets/7f29bd8b3370c71dd379b0e8b570887c/images/no-poster-w185-v2.png,Person
1129,Erica McDermott,1973,https://assets.tmdb.org/assets/7f29bd8b3370c71dd379b0e8b570887c/images/no-poster-w185-v2.png,Person
1130,Colleen Camp,1953,https://assets.tmdb.org/assets/7f29bd8b3370c71dd379b0e8b570887c/images/no-poster-w185-v2.png,Person
1131,Shea Whigham,1969,https://assets.tmdb.org/assets/7f29bd8b3370c71dd379b0e8b570887c/images/no-poster-w185-v2.png,Person
1132,Sa?d Taghmaoui,1973,https://assets.tmdb.org/assets/7f29bd8b3370c71dd379b0e8b570887c/images/no-poster-w185-v2.png,Person
1133,David O. Russell,1958,https://assets.tmdb.org/assets/7f29bd8b3370c71dd379b0e8b570887c/images/no-poster-w185-v2.png,Person
1134,Eric Singer,1000,https://assets.tmdb.org/assets/7f29bd8b3370c71dd379b0e8b570887c/images/no-poster-w185-v2.png,Person
1242,Kristen Bell,1980,https://assets.tmdb.org/assets/7f29bd8b3370c71dd379b0e8b570887c/images/no-poster-w185-v2.png,Person
1243,Idina Menzel,1971,https://assets.tmdb.org/assets/7f29bd8b3370c71dd379b0e8b570887c/images/no-poster-w185-v2.png,Person
1244,Josh Gad,1981,https://assets.tmdb.org/assets/7f29bd8b3370c71dd379b0e8b570887c/images/no-poster-w185-v2.png,Person
1245,Alan Tudyk,1971,https://assets.tmdb.org/assets/7f29bd8b3370c71dd379b0e8b570887c/images/no-poster-w185-v2.png,Person
1246,Ciar��n Hinds,1953,https://assets.tmdb.org/assets/7f29bd8b3370c71dd379b0e8b570887c/images/no-poster-w185-v2.png,Person
1247,Christopher Williams,1967,https://assets.tmdb.org/assets/7f29bd8b3370c71dd379b0e8b570887c/images/no-poster-w185-v2.png,Person
1248,Stephen J. Anderson,1970,https://assets.tmdb.org/assets/7f29bd8b3370c71dd379b0e8b570887c/images/no-poster-w185-v2.png,Person
1249,Edie McClurg,1951,https://assets.tmdb.org/assets/7f29bd8b3370c71dd379b0e8b570887c/images/no-poster-w185-v2.png,Person
1250,Robert Pine,1941,https://image.tmdb.org/t/p/w185/dZTRdcp57vdnCtxIp8vNYR6pOtp.jpg,Person
1251,Maurice LaMarche,1958,https://assets.tmdb.org/assets/7f29bd8b3370c71dd379b0e8b570887c/images/no-poster-w185-v2.png,Person
1252,Chris Buck,1000,https://assets.tmdb.org/assets/7f29bd8b3370c71dd379b0e8b570887c/images/no-poster-w185-v2.png,Person
1253,John Lasseter,1957,https://assets.tmdb.org/assets/7f29bd8b3370c71dd379b0e8b570887c/images/no-poster-w185-v2.png,Person
1254,Jennifer Lee,1000,https://assets.tmdb.org/assets/7f29bd8b3370c71dd379b0e8b570887c/images/no-poster-w185-v2.png,Person
1255,Shane Morris,1000,https://assets.tmdb.org/assets/7f29bd8b3370c71dd379b0e8b570887c/images/no-poster-w185-v2.png,Person
1294,Sandra Bullock,1964,https://assets.tmdb.org/assets/7f29bd8b3370c71dd379b0e8b570887c/images/no-poster-w185-v2.png,Person
1295,George Clooney,1961,https://assets.tmdb.org/assets/7f29bd8b3370c71dd379b0e8b570887c/images/no-poster-w185-v2.png,Person
1296,Ed Harris,1950,https://image.tmdb.org/t/p/w185/a9ITc3shCAWjV4qKf3rgR0Opu3y.jpg,Person
1297,Alfonso Cuar��n,1961,https://assets.tmdb.org/assets/7f29bd8b3370c71dd379b0e8b570887c/images/no-poster-w185-v2.png,Person
1298,David Heyman,1961,https://assets.tmdb.org/assets/7f29bd8b3370c71dd379b0e8b570887c/images/no-poster-w185-v2.png,Person
1299,Jon��s Cuar��n,1000,https://assets.tmdb.org/assets/7f29bd8b3370c71dd379b0e8b570887c/images/no-poster-w185-v2.png,Person
1357,Matt Damon,1970,https://assets.tmdb.org/assets/7f29bd8b3370c71dd379b0e8b570887c/images/no-poster-w185-v2.png,Person
1358,Bill Murray,1950,https://assets.tmdb.org/assets/7f29bd8b3370c71dd379b0e8b570887c/images/no-poster-w185-v2.png,Person
1359,John Goodman,1952,https://assets.tmdb.org/assets/7f29bd8b3370c71dd379b0e8b570887c/images/no-poster-w185-v2.png,Person
1360,Hugh Bonneville,1963,https://assets.tmdb.org/assets/7f29bd8b3370c71dd379b0e8b570887c/images/no-poster-w185-v2.png,Person
1361,Jean Dujardin,1972,https://assets.tmdb.org/assets/7f29bd8b3370c71dd379b0e8b570887c/images/no-poster-w185-v2.png,Person
1362,Bob Balaban,1945,https://assets.tmdb.org/assets/7f29bd8b3370c71dd379b0e8b570887c/images/no-poster-w185-v2.png,Person
1363,Dimitri Leonidas,1987,https://assets.tmdb.org/assets/7f29bd8b3370c71dd379b0e8b570887c/images/no-poster-w185-v2.png,Person
1364,Zahary Baharov,1980,https://assets.tmdb.org/assets/7f29bd8b3370c71dd379b0e8b570887c/images/no-poster-w185-v2.png,Person
1365,Grant Heslov,1963,https://assets.tmdb.org/assets/7f29bd8b3370c71dd379b0e8b570887c/images/no-poster-w185-v2.png,Person
1367,Cobie Smulders,1982,https://assets.tmdb.org/assets/7f29bd8b3370c71dd379b0e8b570887c/images/no-poster-w185-v2.png,Person
1368,Channing Tatum,1980,https://assets.tmdb.org/assets/7f29bd8b3370c71dd379b0e8b570887c/images/no-poster-w185-v2.png,Person
1369,Jonah Hill,1983,https://assets.tmdb.org/assets/7f29bd8b3370c71dd379b0e8b570887c/images/no-poster-w185-v2.png,Person
1370,Elizabeth Banks,1974,https://assets.tmdb.org/assets/7f29bd8b3370c71dd379b0e8b570887c/images/no-poster-w185-v2.png,Person
1371,Will Ferrell,1967,https://assets.tmdb.org/assets/7f29bd8b3370c71dd379b0e8b570887c/images/no-poster-w185-v2.png,Person
1372,Chris Pratt,1979,https://assets.tmdb.org/assets/7f29bd8b3370c71dd379b0e8b570887c/images/no-poster-w185-v2.png,Person
1373,Will Arnett,1970,https://assets.tmdb.org/assets/7f29bd8b3370c71dd379b0e8b570887c/images/no-poster-w185-v2.png,Person
1374,Alison Brie,1982,https://assets.tmdb.org/assets/7f29bd8b3370c71dd379b0e8b570887c/images/no-poster-w185-v2.png,Person
1375,Nick Offerman,1970,https://assets.tmdb.org/assets/7f29bd8b3370c71dd379b0e8b570887c/images/no-poster-w185-v2.png,Person
1376,Charlie Day,1976,https://assets.tmdb.org/assets/7f29bd8b3370c71dd379b0e8b570887c/images/no-poster-w185-v2.png,Person
1377,Dave Franco,1985,https://assets.tmdb.org/assets/7f29bd8b3370c71dd379b0e8b570887c/images/no-poster-w185-v2.png,Person
1378,Will Forte,1970,https://assets.tmdb.org/assets/7f29bd8b3370c71dd379b0e8b570887c/images/no-poster-w185-v2.png,Person
1379,Phil Lord,1000,https://assets.tmdb.org/assets/7f29bd8b3370c71dd379b0e8b570887c/images/no-poster-w185-v2.png,Person
1380,Dan Hageman,1000,https://assets.tmdb.org/assets/7f29bd8b3370c71dd379b0e8b570887c/images/no-poster-w185-v2.png,Person
1381,Kevin Hageman,1000,https://assets.tmdb.org/assets/7f29bd8b3370c71dd379b0e8b570887c/images/no-poster-w185-v2.png,Person
1382,Chris Miller,1000,https://assets.tmdb.org/assets/7f29bd8b3370c71dd379b0e8b570887c/images/no-poster-w185-v2.png,Person
1413,Joel Kinnaman,1979,https://assets.tmdb.org/assets/7f29bd8b3370c71dd379b0e8b570887c/images/no-poster-w185-v2.png,Person
1414,Michael Keaton,1951,https://assets.tmdb.org/assets/7f29bd8b3370c71dd379b0e8b570887c/images/no-poster-w185-v2.png,Person
1415,Jay Baruchel,1982,https://assets.tmdb.org/assets/7f29bd8b3370c71dd379b0e8b570887c/images/no-poster-w185-v2.png,Person
1416,Abbie Cornish,1982,https://assets.tmdb.org/assets/7f29bd8b3370c71dd379b0e8b570887c/images/no-poster-w185-v2.png,Person
1417,Jackie Earle Haley,1961,https://assets.tmdb.org/assets/7f29bd8b3370c71dd379b0e8b570887c/images/no-poster-w185-v2.png,Person
1418,Jennifer Ehle,1969,https://assets.tmdb.org/assets/7f29bd8b3370c71dd379b0e8b570887c/images/no-poster-w185-v2.png,Person
1419,Marianne Jean-Baptiste,1967,https://assets.tmdb.org/assets/7f29bd8b3370c71dd379b0e8b570887c/images/no-poster-w185-v2.png,Person
1420,Aimee Garcia,1978,https://assets.tmdb.org/assets/7f29bd8b3370c71dd379b0e8b570887c/images/no-poster-w185-v2.png,Person
1421,Jos�� Padilha,1967,https://assets.tmdb.org/assets/7f29bd8b3370c71dd379b0e8b570887c/images/no-poster-w185-v2.png,Person
1422,Nick Schenk,1000,https://assets.tmdb.org/assets/7f29bd8b3370c71dd379b0e8b570887c/images/no-poster-w185-v2.png,Person
1423,Joshua Zetumer,1000,https://assets.tmdb.org/assets/7f29bd8b3370c71dd379b0e8b570887c/images/no-poster-w185-v2.png,Person
1551,Joaquin Phoenix,1974,https://assets.tmdb.org/assets/7f29bd8b3370c71dd379b0e8b570887c/images/no-poster-w185-v2.png,Person
1552,Scarlett Johansson,1984,https://assets.tmdb.org/assets/7f29bd8b3370c71dd379b0e8b570887c/images/no-poster-w185-v2.png,Person
1553,Rooney Mara,1985,https://assets.tmdb.org/assets/7f29bd8b3370c71dd379b0e8b570887c/images/no-poster-w185-v2.png,Person
1554,Olivia Wilde,1984,https://image.tmdb.org/t/p/w185/3d69fgT1QOTDJxqy7FpBBAQxoM0.jpg,Person
1555,Portia Doubleday,1988,https://assets.tmdb.org/assets/7f29bd8b3370c71dd379b0e8b570887c/images/no-poster-w185-v2.png,Person
1556,Sam Jaeger,1977,https://assets.tmdb.org/assets/7f29bd8b3370c71dd379b0e8b570887c/images/no-poster-w185-v2.png,Person
1557,Spike Jonze,1969,https://assets.tmdb.org/assets/7f29bd8b3370c71dd379b0e8b570887c/images/no-poster-w185-v2.png,Person
1558,Bill Hader,1978,https://assets.tmdb.org/assets/7f29bd8b3370c71dd379b0e8b570887c/images/no-poster-w185-v2.png,Person
1559,Kristen Wiig,1973,https://assets.tmdb.org/assets/7f29bd8b3370c71dd379b0e8b570887c/images/no-poster-w185-v2.png,Person
1560,Brian Cox,1946,https://assets.tmdb.org/assets/7f29bd8b3370c71dd379b0e8b570887c/images/no-poster-w185-v2.png,Person
1597,Matthew McConaughey,1969,https://assets.tmdb.org/assets/7f29bd8b3370c71dd379b0e8b570887c/images/no-poster-w185-v2.png,Person
1598,Jennifer Garner,1972,https://assets.tmdb.org/assets/7f29bd8b3370c71dd379b0e8b570887c/images/no-poster-w185-v2.png,Person
1599,Dallas Roberts,1970,https://assets.tmdb.org/assets/7f29bd8b3370c71dd379b0e8b570887c/images/no-poster-w185-v2.png,Person
1600,Steve Zahn,1967,https://assets.tmdb.org/assets/7f29bd8b3370c71dd379b0e8b570887c/images/no-poster-w185-v2.png,Person
1601,Kevin Rankin,1976,https://assets.tmdb.org/assets/7f29bd8b3370c71dd379b0e8b570887c/images/no-poster-w185-v2.png,Person
1602,Griffin Dunne,1955,https://assets.tmdb.org/assets/7f29bd8b3370c71dd379b0e8b570887c/images/no-poster-w185-v2.png,Person
1603,Denis O'Hare,1962,https://assets.tmdb.org/assets/7f29bd8b3370c71dd379b0e8b570887c/images/no-poster-w185-v2.png,Person
1604,Jean-Marc Vall��e,1963,https://assets.tmdb.org/assets/7f29bd8b3370c71dd379b0e8b570887c/images/no-poster-w185-v2.png,Person
1605,Craig Borten,1000,https://assets.tmdb.org/assets/7f29bd8b3370c71dd379b0e8b570887c/images/no-poster-w185-v2.png,Person
1606,Melisa Wallack,1000,https://assets.tmdb.org/assets/7f29bd8b3370c71dd379b0e8b570887c/images/no-poster-w185-v2.png,Person
1694,Chiwetel Ejiofor,1977,https://assets.tmdb.org/assets/7f29bd8b3370c71dd379b0e8b570887c/images/no-poster-w185-v2.png,Person
1695,Michael Fassbender,1977,https://assets.tmdb.org/assets/7f29bd8b3370c71dd379b0e8b570887c/images/no-poster-w185-v2.png,Person
1696,Sarah Paulson,1974,https://assets.tmdb.org/assets/7f29bd8b3370c71dd379b0e8b570887c/images/no-poster-w185-v2.png,Person
1697,Paul Dano,1984,https://assets.tmdb.org/assets/7f29bd8b3370c71dd379b0e8b570887c/images/no-poster-w185-v2.png,Person
1698,Benedict Cumberbatch,1976,https://assets.tmdb.org/assets/7f29bd8b3370c71dd379b0e8b570887c/images/no-poster-w185-v2.png,Person
1699,Garret Dillahunt,1964,https://assets.tmdb.org/assets/7f29bd8b3370c71dd379b0e8b570887c/images/no-poster-w185-v2.png,Person
1700,Michael K. Williams,1966,https://assets.tmdb.org/assets/7f29bd8b3370c71dd379b0e8b570887c/images/no-poster-w185-v2.png,Person
1701,Paul Giamatti,1967,https://assets.tmdb.org/assets/7f29bd8b3370c71dd379b0e8b570887c/images/no-poster-w185-v2.png,Person
1702,Alfre Woodard,1952,https://assets.tmdb.org/assets/7f29bd8b3370c71dd379b0e8b570887c/images/no-poster-w185-v2.png,Person
1703,Taran Killam,1982,https://assets.tmdb.org/assets/7f29bd8b3370c71dd379b0e8b570887c/images/no-poster-w185-v2.png,Person
1704,Bryan Batt,1963,https://assets.tmdb.org/assets/7f29bd8b3370c71dd379b0e8b570887c/images/no-poster-w185-v2.png,Person
1705,Steve McQueen,1969,https://assets.tmdb.org/assets/7f29bd8b3370c71dd379b0e8b570887c/images/no-poster-w185-v2.png,Person
1706,John Ridley,1000,https://assets.tmdb.org/assets/7f29bd8b3370c71dd379b0e8b570887c/images/no-poster-w185-v2.png,Person
1753,Jodie Foster,1962,https://assets.tmdb.org/assets/7f29bd8b3370c71dd379b0e8b570887c/images/no-poster-w185-v2.png,Person
1754,Sharlto Copley,1973,https://assets.tmdb.org/assets/7f29bd8b3370c71dd379b0e8b570887c/images/no-poster-w185-v2.png,Person
1755,Alice Braga,1983,https://assets.tmdb.org/assets/7f29bd8b3370c71dd379b0e8b570887c/images/no-poster-w185-v2.png,Person
1756,Diego Luna,1979,https://assets.tmdb.org/assets/7f29bd8b3370c71dd379b0e8b570887c/images/no-poster-w185-v2.png,Person
1757,Wagner Moura,1976,https://assets.tmdb.org/assets/7f29bd8b3370c71dd379b0e8b570887c/images/no-poster-w185-v2.png,Person
1758,Faran Tahir,1963,https://assets.tmdb.org/assets/7f29bd8b3370c71dd379b0e8b570887c/images/no-poster-w185-v2.png,Person
1759,Jose Pablo Cantillo,1979,https://assets.tmdb.org/assets/7f29bd8b3370c71dd379b0e8b570887c/images/no-poster-w185-v2.png,Person
1760,Maxwell Perry Cotton,2000,https://assets.tmdb.org/assets/7f29bd8b3370c71dd379b0e8b570887c/images/no-poster-w185-v2.png,Person
1761,Adrian Holmes,1974,https://assets.tmdb.org/assets/7f29bd8b3370c71dd379b0e8b570887c/images/no-poster-w185-v2.png,Person
1762,Talisa Soto,1967,https://assets.tmdb.org/assets/7f29bd8b3370c71dd379b0e8b570887c/images/no-poster-w185-v2.png,Person
1763,Michael Shanks,1970,https://assets.tmdb.org/assets/7f29bd8b3370c71dd379b0e8b570887c/images/no-poster-w185-v2.png,Person
1764,Carly Pope,1980,https://assets.tmdb.org/assets/7f29bd8b3370c71dd379b0e8b570887c/images/no-poster-w185-v2.png,Person
1765,Terry Chen,1975,https://assets.tmdb.org/assets/7f29bd8b3370c71dd379b0e8b570887c/images/no-poster-w185-v2.png,Person
1766,Neill Blomkamp,1979,https://assets.tmdb.org/assets/7f29bd8b3370c71dd379b0e8b570887c/images/no-poster-w185-v2.png,Person
1767,Simon Kinberg,1000,https://assets.tmdb.org/assets/7f29bd8b3370c71dd379b0e8b570887c/images/no-poster-w185-v2.png,Person
1857,Josh Hutcherson,1992,https://assets.tmdb.org/assets/7f29bd8b3370c71dd379b0e8b570887c/images/no-poster-w185-v2.png,Person
1858,Amanda Seyfried,1985,https://assets.tmdb.org/assets/7f29bd8b3370c71dd379b0e8b570887c/images/no-poster-w185-v2.png,Person
1859,Colin Farrell,1976,https://assets.tmdb.org/assets/7f29bd8b3370c71dd379b0e8b570887c/images/no-poster-w185-v2.png,Person
1860,Jason Sudeikis,1975,https://assets.tmdb.org/assets/7f29bd8b3370c71dd379b0e8b570887c/images/no-poster-w185-v2.png,Person
1861,Aziz Ansari,1983,https://assets.tmdb.org/assets/7f29bd8b3370c71dd379b0e8b570887c/images/no-poster-w185-v2.png,Person
1862,Beyonc�� Knowles,1981,https://assets.tmdb.org/assets/7f29bd8b3370c71dd379b0e8b570887c/images/no-poster-w185-v2.png,Person
1863,Judah Friedlander,1969,https://assets.tmdb.org/assets/7f29bd8b3370c71dd379b0e8b570887c/images/no-poster-w185-v2.png,Person
1864,Steven Tyler,1948,https://image.tmdb.org/t/p/w185/fWZw1OWKHwg5NZ3cRb0S7GaXteO.jpg,Person
1865,Pitbull,1981,https://assets.tmdb.org/assets/7f29bd8b3370c71dd379b0e8b570887c/images/no-poster-w185-v2.png,Person
1866,Christoph Waltz,1956,https://assets.tmdb.org/assets/7f29bd8b3370c71dd379b0e8b570887c/images/no-poster-w185-v2.png,Person
1867,John DiMaggio,1968,https://assets.tmdb.org/assets/7f29bd8b3370c71dd379b0e8b570887c/images/no-poster-w185-v2.png,Person
1868,Troy Evans,1948,https://assets.tmdb.org/assets/7f29bd8b3370c71dd379b0e8b570887c/images/no-poster-w185-v2.png,Person
1869,Chris Wedge,1957,https://assets.tmdb.org/assets/7f29bd8b3370c71dd379b0e8b570887c/images/no-poster-w185-v2.png,Person
1870,Tom J. Astle,1000,https://assets.tmdb.org/assets/7f29bd8b3370c71dd379b0e8b570887c/images/no-poster-w185-v2.png,Person
1871,Matt Ember,1000,https://assets.tmdb.org/assets/7f29bd8b3370c71dd379b0e8b570887c/images/no-poster-w185-v2.png,Person
1872,James V. Hart,1000,https://assets.tmdb.org/assets/7f29bd8b3370c71dd379b0e8b570887c/images/no-poster-w185-v2.png,Person
1873,William Joyce,1000,https://assets.tmdb.org/assets/7f29bd8b3370c71dd379b0e8b570887c/images/no-poster-w185-v2.png,Person
1874,Daniel Shere,1000,https://assets.tmdb.org/assets/7f29bd8b3370c71dd379b0e8b570887c/images/no-poster-w185-v2.png,Person
1936,Nicolas Cage,1964,https://assets.tmdb.org/assets/7f29bd8b3370c71dd379b0e8b570887c/images/no-poster-w185-v2.png,Person
1937,Emma Stone,1988,https://assets.tmdb.org/assets/7f29bd8b3370c71dd379b0e8b570887c/images/no-poster-w185-v2.png,Person
1938,Ryan Reynolds,1976,https://assets.tmdb.org/assets/7f29bd8b3370c71dd379b0e8b570887c/images/no-poster-w185-v2.png,Person
1939,Catherine Keener,1959,https://assets.tmdb.org/assets/7f29bd8b3370c71dd379b0e8b570887c/images/no-poster-w185-v2.png,Person
1940,Cloris Leachman,1926,https://assets.tmdb.org/assets/7f29bd8b3370c71dd379b0e8b570887c/images/no-poster-w185-v2.png,Person
1941,Clark Duke,1985,https://assets.tmdb.org/assets/7f29bd8b3370c71dd379b0e8b570887c/images/no-poster-w185-v2.png,Person
1942,Kirk De Micco,1000,https://assets.tmdb.org/assets/7f29bd8b3370c71dd379b0e8b570887c/images/no-poster-w185-v2.png,Person
1943,Chris Sanders,1000,https://assets.tmdb.org/assets/7f29bd8b3370c71dd379b0e8b570887c/images/no-poster-w185-v2.png,Person
1944,John Cleese,1939,https://assets.tmdb.org/assets/7f29bd8b3370c71dd379b0e8b570887c/images/no-poster-w185-v2.png,Person
2009,Ty Burrell,1967,https://assets.tmdb.org/assets/7f29bd8b3370c71dd379b0e8b570887c/images/no-poster-w185-v2.png,Person
2010,Max Charles,2003,https://assets.tmdb.org/assets/7f29bd8b3370c71dd379b0e8b570887c/images/no-poster-w185-v2.png,Person
2011,Ariel Winter,1998,https://assets.tmdb.org/assets/7f29bd8b3370c71dd379b0e8b570887c/images/no-poster-w185-v2.png,Person
2012,Allison Janney,1959,https://assets.tmdb.org/assets/7f29bd8b3370c71dd379b0e8b570887c/images/no-poster-w185-v2.png,Person
2013,Ellie Kemper,1980,https://assets.tmdb.org/assets/7f29bd8b3370c71dd379b0e8b570887c/images/no-poster-w185-v2.png,Person
2014,Stephen Colbert,1964,https://assets.tmdb.org/assets/7f29bd8b3370c71dd379b0e8b570887c/images/no-poster-w185-v2.png,Person
2015,Stephen Tobolowsky,1951,https://assets.tmdb.org/assets/7f29bd8b3370c71dd379b0e8b570887c/images/no-poster-w185-v2.png,Person
2016,Karan Brar,1999,https://assets.tmdb.org/assets/7f29bd8b3370c71dd379b0e8b570887c/images/no-poster-w185-v2.png,Person
2017,Adam Alexi-Malle,1964,https://assets.tmdb.org/assets/7f29bd8b3370c71dd379b0e8b570887c/images/no-poster-w185-v2.png,Person
2018,Stanley Tucci,1960,https://assets.tmdb.org/assets/7f29bd8b3370c71dd379b0e8b570887c/images/no-poster-w185-v2.png,Person
2019,Leslie Mann,1972,https://assets.tmdb.org/assets/7f29bd8b3370c71dd379b0e8b570887c/images/no-poster-w185-v2.png,Person
2020,Rob Minkoff,1962,https://assets.tmdb.org/assets/7f29bd8b3370c71dd379b0e8b570887c/images/no-poster-w185-v2.png,Person
2021,Jason Clarke,1969,https://assets.tmdb.org/assets/7f29bd8b3370c71dd379b0e8b570887c/images/no-poster-w185-v2.png,Person
2022,Craig Wright,1000,https://assets.tmdb.org/assets/7f29bd8b3370c71dd379b0e8b570887c/images/no-poster-w185-v2.png,Person
2056,Robert Downey Jr.,1965,https://assets.tmdb.org/assets/7f29bd8b3370c71dd379b0e8b570887c/images/no-poster-w185-v2.png,Person
2057,Chris Evans,1981,https://assets.tmdb.org/assets/7f29bd8b3370c71dd379b0e8b570887c/images/no-poster-w185-v2.png,Person
2058,Mark Ruffalo,1967,https://assets.tmdb.org/assets/7f29bd8b3370c71dd379b0e8b570887c/images/no-poster-w185-v2.png,Person
2059,Chris Hemsworth,1983,https://assets.tmdb.org/assets/7f29bd8b3370c71dd379b0e8b570887c/images/no-poster-w185-v2.png,Person
2060,Tom Hiddleston,1981,https://assets.tmdb.org/assets/7f29bd8b3370c71dd379b0e8b570887c/images/no-poster-w185-v2.png,Person
2061,Clark Gregg,1962,https://assets.tmdb.org/assets/7f29bd8b3370c71dd379b0e8b570887c/images/no-poster-w185-v2.png,Person
2062,Stellan Skarsg?rd,1951,https://assets.tmdb.org/assets/7f29bd8b3370c71dd379b0e8b570887c/images/no-poster-w185-v2.png,Person
2063,Gwyneth Paltrow,1972,https://assets.tmdb.org/assets/7f29bd8b3370c71dd379b0e8b570887c/images/no-poster-w185-v2.png,Person
2064,Paul Bettany,1971,https://assets.tmdb.org/assets/7f29bd8b3370c71dd379b0e8b570887c/images/no-poster-w185-v2.png,Person
2065,Jenny Agutter,1952,https://assets.tmdb.org/assets/7f29bd8b3370c71dd379b0e8b570887c/images/no-poster-w185-v2.png,Person
2066,Walter Perez,1982,https://assets.tmdb.org/assets/7f29bd8b3370c71dd379b0e8b570887c/images/no-poster-w185-v2.png,Person
2067,Powers Boothe,1948,https://assets.tmdb.org/assets/7f29bd8b3370c71dd379b0e8b570887c/images/no-poster-w185-v2.png,Person
2068,Stan Lee,1922,https://assets.tmdb.org/assets/7f29bd8b3370c71dd379b0e8b570887c/images/no-poster-w185-v2.png,Person
2069,Ashley Johnson,1983,https://assets.tmdb.org/assets/7f29bd8b3370c71dd379b0e8b570887c/images/no-poster-w185-v2.png,Person
2070,Jerzy Skolimowski,1938,https://assets.tmdb.org/assets/7f29bd8b3370c71dd379b0e8b570887c/images/no-poster-w185-v2.png,Person
2071,James Eckhouse,1955,https://assets.tmdb.org/assets/7f29bd8b3370c71dd379b0e8b570887c/images/no-poster-w185-v2.png,Person
2072,Enver Gjokaj,1980,https://assets.tmdb.org/assets/7f29bd8b3370c71dd379b0e8b570887c/images/no-poster-w185-v2.png,Person
2073,Joss Whedon,1964,https://assets.tmdb.org/assets/7f29bd8b3370c71dd379b0e8b570887c/images/no-poster-w185-v2.png,Person
2074,Jon Favreau,1966,https://assets.tmdb.org/assets/7f29bd8b3370c71dd379b0e8b570887c/images/no-poster-w185-v2.png,Person
2075,Kevin Feige,1000,https://assets.tmdb.org/assets/7f29bd8b3370c71dd379b0e8b570887c/images/no-poster-w185-v2.png,Person
2076,Zak Penn,1000,https://assets.tmdb.org/assets/7f29bd8b3370c71dd379b0e8b570887c/images/no-poster-w185-v2.png,Person
2233,Gemma Arterton,1986,https://assets.tmdb.org/assets/7f29bd8b3370c71dd379b0e8b570887c/images/no-poster-w185-v2.png,Person
2234,Famke Janssen,1965,https://assets.tmdb.org/assets/7f29bd8b3370c71dd379b0e8b570887c/images/no-poster-w185-v2.png,Person
2235,Pihla Viitala,1982,https://assets.tmdb.org/assets/7f29bd8b3370c71dd379b0e8b570887c/images/no-poster-w185-v2.png,Person
2236,Derek Mears,1972,https://image.tmdb.org/t/p/w185/jsHyZmBZEmhrmK5XBDFJWsPsTwL.jpg,Person
2237,Peter Stormare,1953,https://image.tmdb.org/t/p/w185/dDR0brp5L7fXDyEywrhjQv01LSg.jpg,Person
2238,Ingrid Bols? Berdal,1980,https://assets.tmdb.org/assets/7f29bd8b3370c71dd379b0e8b570887c/images/no-poster-w185-v2.png,Person
2239,Zo? Bell,1978,https://assets.tmdb.org/assets/7f29bd8b3370c71dd379b0e8b570887c/images/no-poster-w185-v2.png,Person
2240,Joanna Kulig,1982,https://assets.tmdb.org/assets/7f29bd8b3370c71dd379b0e8b570887c/images/no-poster-w185-v2.png,Person
2241,Monique Ganderton,1980,https://assets.tmdb.org/assets/7f29bd8b3370c71dd379b0e8b570887c/images/no-poster-w185-v2.png,Person
2242,Thomas Scharff,1970,https://assets.tmdb.org/assets/7f29bd8b3370c71dd379b0e8b570887c/images/no-poster-w185-v2.png,Person
2243,Tommy Wirkola,1000,https://assets.tmdb.org/assets/7f29bd8b3370c71dd379b0e8b570887c/images/no-poster-w185-v2.png,Person
2244,Adam McKay,1968,https://assets.tmdb.org/assets/7f29bd8b3370c71dd379b0e8b570887c/images/no-poster-w185-v2.png,Person
2245,Dante Harper,1000,https://assets.tmdb.org/assets/7f29bd8b3370c71dd379b0e8b570887c/images/no-poster-w185-v2.png,Person
2399,Zac Efron,1987,https://assets.tmdb.org/assets/7f29bd8b3370c71dd379b0e8b570887c/images/no-poster-w185-v2.png,Person
2400,Taylor Swift,1989,https://assets.tmdb.org/assets/7f29bd8b3370c71dd379b0e8b570887c/images/no-poster-w185-v2.png,Person
2401,Ed Helms,1974,https://assets.tmdb.org/assets/7f29bd8b3370c71dd379b0e8b570887c/images/no-poster-w185-v2.png,Person
2402,Willow Smith,2000,https://assets.tmdb.org/assets/7f29bd8b3370c71dd379b0e8b570887c/images/no-poster-w185-v2.png,Person
2403,Rob Riggle,1970,https://assets.tmdb.org/assets/7f29bd8b3370c71dd379b0e8b570887c/images/no-poster-w185-v2.png,Person
2404,Betty White,1922,https://assets.tmdb.org/assets/7f29bd8b3370c71dd379b0e8b570887c/images/no-poster-w185-v2.png,Person
2405,Jenny Slate,1982,https://assets.tmdb.org/assets/7f29bd8b3370c71dd379b0e8b570887c/images/no-poster-w185-v2.png,Person
2406,Nasim Pedrad,1981,https://assets.tmdb.org/assets/7f29bd8b3370c71dd379b0e8b570887c/images/no-poster-w185-v2.png,Person
2407,Elmarie Wendel,1939,https://assets.tmdb.org/assets/7f29bd8b3370c71dd379b0e8b570887c/images/no-poster-w185-v2.png,Person
2408,Danny Cooksey,1975,https://assets.tmdb.org/assets/7f29bd8b3370c71dd379b0e8b570887c/images/no-poster-w185-v2.png,Person
2409,Chris Renaud,1000,https://assets.tmdb.org/assets/7f29bd8b3370c71dd379b0e8b570887c/images/no-poster-w185-v2.png,Person
2410,Kyle Balda,1000,https://assets.tmdb.org/assets/7f29bd8b3370c71dd379b0e8b570887c/images/no-poster-w185-v2.png,Person
2411,Cinco Paul,1000,https://assets.tmdb.org/assets/7f29bd8b3370c71dd379b0e8b570887c/images/no-poster-w185-v2.png,Person
2412,Ken Daurio,1000,https://assets.tmdb.org/assets/7f29bd8b3370c71dd379b0e8b570887c/images/no-poster-w185-v2.png,Person
2423,Lea Salonga,1971,https://assets.tmdb.org/assets/7f29bd8b3370c71dd379b0e8b570887c/images/no-poster-w185-v2.png,Person
2424,Eddie Murphy,1961,https://assets.tmdb.org/assets/7f29bd8b3370c71dd379b0e8b570887c/images/no-poster-w185-v2.png,Person
2425,BD Wong,1960,https://assets.tmdb.org/assets/7f29bd8b3370c71dd379b0e8b570887c/images/no-poster-w185-v2.png,Person
2426,Ming-Na Wen,1963,https://assets.tmdb.org/assets/7f29bd8b3370c71dd379b0e8b570887c/images/no-poster-w185-v2.png,Person
2427,Miguel Ferrer,1955,https://assets.tmdb.org/assets/7f29bd8b3370c71dd379b0e8b570887c/images/no-poster-w185-v2.png,Person
2428,Harvey Fierstein,1952,https://image.tmdb.org/t/p/w185/7AN3n6TENCrRhU5pKxEM6W0mCjg.jpg,Person
2429,June Foray,1917,https://assets.tmdb.org/assets/7f29bd8b3370c71dd379b0e8b570887c/images/no-poster-w185-v2.png,Person
2430,James Hong,1929,https://assets.tmdb.org/assets/7f29bd8b3370c71dd379b0e8b570887c/images/no-poster-w185-v2.png,Person
2431,Miriam Margolyes,1941,https://assets.tmdb.org/assets/7f29bd8b3370c71dd379b0e8b570887c/images/no-poster-w185-v2.png,Person
2432,Pat Morita,1932,https://assets.tmdb.org/assets/7f29bd8b3370c71dd379b0e8b570887c/images/no-poster-w185-v2.png,Person
2433,Soon-Tek Oh,1943,https://assets.tmdb.org/assets/7f29bd8b3370c71dd379b0e8b570887c/images/no-poster-w185-v2.png,Person
2434,Donny Osmond,1957,https://assets.tmdb.org/assets/7f29bd8b3370c71dd379b0e8b570887c/images/no-poster-w185-v2.png,Person
2435,James Shigeta,1933,https://assets.tmdb.org/assets/7f29bd8b3370c71dd379b0e8b570887c/images/no-poster-w185-v2.png,Person
2436,George Takei,1937,https://image.tmdb.org/t/p/w185/yXQsJ0ahBXsbxzJUYjwyCxpJHgp.jpg,Person
2437,Gedde Watanabe,1955,https://assets.tmdb.org/assets/7f29bd8b3370c71dd379b0e8b570887c/images/no-poster-w185-v2.png,Person
2438,Frank Welker,1946,https://assets.tmdb.org/assets/7f29bd8b3370c71dd379b0e8b570887c/images/no-poster-w185-v2.png,Person
2439,Tony Bancroft,1000,https://assets.tmdb.org/assets/7f29bd8b3370c71dd379b0e8b570887c/images/no-poster-w185-v2.png,Person
2440,Barry Cook,1000,https://assets.tmdb.org/assets/7f29bd8b3370c71dd379b0e8b570887c/images/no-poster-w185-v2.png,Person
2441,Rita Hsiao,1000,https://assets.tmdb.org/assets/7f29bd8b3370c71dd379b0e8b570887c/images/no-poster-w185-v2.png,Person
2442,Philip LaZebnik,1000,https://assets.tmdb.org/assets/7f29bd8b3370c71dd379b0e8b570887c/images/no-poster-w185-v2.png,Person
2443,Raymond Singer,1000,https://assets.tmdb.org/assets/7f29bd8b3370c71dd379b0e8b570887c/images/no-poster-w185-v2.png,Person
2444,Eugenia Bostwick-Singer,1000,https://assets.tmdb.org/assets/7f29bd8b3370c71dd379b0e8b570887c/images/no-poster-w185-v2.png,Person
2499,Ray Winstone,1957,https://assets.tmdb.org/assets/7f29bd8b3370c71dd379b0e8b570887c/images/no-poster-w185-v2.png,Person
2500,Angelina Jolie,1975,https://assets.tmdb.org/assets/7f29bd8b3370c71dd379b0e8b570887c/images/no-poster-w185-v2.png,Person
2501,Anthony Hopkins,1937,https://assets.tmdb.org/assets/7f29bd8b3370c71dd379b0e8b570887c/images/no-poster-w185-v2.png,Person
2502,John Malkovich,1953,https://assets.tmdb.org/assets/7f29bd8b3370c71dd379b0e8b570887c/images/no-poster-w185-v2.png,Person
2503,Brendan Gleeson,1955,https://assets.tmdb.org/assets/7f29bd8b3370c71dd379b0e8b570887c/images/no-poster-w185-v2.png,Person
2504,Crispin Glover,1964,https://image.tmdb.org/t/p/w185/thA5rOv5XE1oFpxD9DSp0tDrIIR.jpg,Person
2505,Alison Lohman,1979,https://assets.tmdb.org/assets/7f29bd8b3370c71dd379b0e8b570887c/images/no-poster-w185-v2.png,Person
2506,Greg Ellis,1968,https://image.tmdb.org/t/p/w185/qQvPe0TO5yYJCSNIM8KRf55F5cw.jpg,Person
2507,Sebastian Roch��,1964,https://assets.tmdb.org/assets/7f29bd8b3370c71dd379b0e8b570887c/images/no-poster-w185-v2.png,Person
2508,Dominic Keating,1962,https://assets.tmdb.org/assets/7f29bd8b3370c71dd379b0e8b570887c/images/no-poster-w185-v2.png,Person
2509,Rik Young,1978,https://assets.tmdb.org/assets/7f29bd8b3370c71dd379b0e8b570887c/images/no-poster-w185-v2.png,Person
2510,Neil Gaiman,1960,https://assets.tmdb.org/assets/7f29bd8b3370c71dd379b0e8b570887c/images/no-poster-w185-v2.png,Person
2655,James Purefoy,1964,https://assets.tmdb.org/assets/7f29bd8b3370c71dd379b0e8b570887c/images/no-poster-w185-v2.png,Person
2656,Alice Krige,1954,https://assets.tmdb.org/assets/7f29bd8b3370c71dd379b0e8b570887c/images/no-poster-w185-v2.png,Person
2657,Mackenzie Crook,1971,https://image.tmdb.org/t/p/w185/pkBBzUyeJSI8OY8rf6TM6Dz0NXL.jpg,Person
2658,Max von Sydow,1929,https://assets.tmdb.org/assets/7f29bd8b3370c71dd379b0e8b570887c/images/no-poster-w185-v2.png,Person
2659,Jason Flemyng,1966,https://assets.tmdb.org/assets/7f29bd8b3370c71dd379b0e8b570887c/images/no-poster-w185-v2.png,Person
2660,Rachel Hurd-Wood,1990,https://assets.tmdb.org/assets/7f29bd8b3370c71dd379b0e8b570887c/images/no-poster-w185-v2.png,Person
2661,Anthony Wilks,1983,https://assets.tmdb.org/assets/7f29bd8b3370c71dd379b0e8b570887c/images/no-poster-w185-v2.png,Person
2662,Ian Whyte,1971,https://assets.tmdb.org/assets/7f29bd8b3370c71dd379b0e8b570887c/images/no-poster-w185-v2.png,Person
2663,James Babson,1974,https://assets.tmdb.org/assets/7f29bd8b3370c71dd379b0e8b570887c/images/no-poster-w185-v2.png,Person
2664,Michael J. Bassett,1000,https://assets.tmdb.org/assets/7f29bd8b3370c71dd379b0e8b570887c/images/no-poster-w185-v2.png,Person
2768,Kevin Spacey,1959,https://assets.tmdb.org/assets/7f29bd8b3370c71dd379b0e8b570887c/images/no-poster-w185-v2.png,Person
2769,Stephen Baldwin,1966,https://assets.tmdb.org/assets/7f29bd8b3370c71dd379b0e8b570887c/images/no-poster-w185-v2.png,Person
2770,Gabriel Byrne,1950,https://assets.tmdb.org/assets/7f29bd8b3370c71dd379b0e8b570887c/images/no-poster-w185-v2.png,Person
2771,Benicio del Toro,1967,https://assets.tmdb.org/assets/7f29bd8b3370c71dd379b0e8b570887c/images/no-poster-w185-v2.png,Person
2772,Kevin Pollak,1957,https://assets.tmdb.org/assets/7f29bd8b3370c71dd379b0e8b570887c/images/no-poster-w185-v2.png,Person
2773,Chazz Palminteri,1952,https://assets.tmdb.org/assets/7f29bd8b3370c71dd379b0e8b570887c/images/no-poster-w185-v2.png,Person
2774,Giancarlo Esposito,1958,https://assets.tmdb.org/assets/7f29bd8b3370c71dd379b0e8b570887c/images/no-poster-w185-v2.png,Person
2775,Suzy Amis,1962,https://assets.tmdb.org/assets/7f29bd8b3370c71dd379b0e8b570887c/images/no-poster-w185-v2.png,Person
2776,Dan Hedaya,1940,https://assets.tmdb.org/assets/7f29bd8b3370c71dd379b0e8b570887c/images/no-poster-w185-v2.png,Person
2777,Christine Estabrook,1952,https://assets.tmdb.org/assets/7f29bd8b3370c71dd379b0e8b570887c/images/no-poster-w185-v2.png,Person
2778,Paul Bartel,1938,https://assets.tmdb.org/assets/7f29bd8b3370c71dd379b0e8b570887c/images/no-poster-w185-v2.png,Person
2779,Bryan Singer,1965,https://assets.tmdb.org/assets/7f29bd8b3370c71dd379b0e8b570887c/images/no-poster-w185-v2.png,Person
2780,Christopher McQuarrie,1000,https://assets.tmdb.org/assets/7f29bd8b3370c71dd379b0e8b570887c/images/no-poster-w185-v2.png,Person
2886,Asa Butterfield,1997,https://assets.tmdb.org/assets/7f29bd8b3370c71dd379b0e8b570887c/images/no-poster-w185-v2.png,Person
2887,Chlo? Grace Moretz,1997,https://assets.tmdb.org/assets/7f29bd8b3370c71dd379b0e8b570887c/images/no-poster-w185-v2.png,Person
2888,Sacha Baron Cohen,1971,https://assets.tmdb.org/assets/7f29bd8b3370c71dd379b0e8b570887c/images/no-poster-w185-v2.png,Person
2889,Jude Law,1972,https://assets.tmdb.org/assets/7f29bd8b3370c71dd379b0e8b570887c/images/no-poster-w185-v2.png,Person
2890,Helen McCrory,1968,https://assets.tmdb.org/assets/7f29bd8b3370c71dd379b0e8b570887c/images/no-poster-w185-v2.png,Person
2891,Michael Stuhlbarg,1968,https://assets.tmdb.org/assets/7f29bd8b3370c71dd379b0e8b570887c/images/no-poster-w185-v2.png,Person
2892,Emily Mortimer,1971,https://assets.tmdb.org/assets/7f29bd8b3370c71dd379b0e8b570887c/images/no-poster-w185-v2.png,Person
2893,Frances de la Tour,1944,https://image.tmdb.org/t/p/w185/8PvwBlVzzS2sRSLlElRLNG7CYRE.jpg,Person
2894,Richard Griffiths,1947,https://assets.tmdb.org/assets/7f29bd8b3370c71dd379b0e8b570887c/images/no-poster-w185-v2.png,Person
2895,Johnny Depp,1963,https://image.tmdb.org/t/p/w185/5sc2pu4YWItxCaXSvrFpg64zN9J.jpg,Person
2896,John Logan,1000,https://assets.tmdb.org/assets/7f29bd8b3370c71dd379b0e8b570887c/images/no-poster-w185-v2.png,Person
2897,Brian Selznick,1000,https://assets.tmdb.org/assets/7f29bd8b3370c71dd379b0e8b570887c/images/no-poster-w185-v2.png,Person
3107,William H. Macy,1950,https://assets.tmdb.org/assets/7f29bd8b3370c71dd379b0e8b570887c/images/no-poster-w185-v2.png,Person
3108,Frances McDormand,1957,https://assets.tmdb.org/assets/7f29bd8b3370c71dd379b0e8b570887c/images/no-poster-w185-v2.png,Person
3109,Harve Presnell,1933,https://assets.tmdb.org/assets/7f29bd8b3370c71dd379b0e8b570887c/images/no-poster-w185-v2.png,Person
3110,John Carroll Lynch,1963,https://assets.tmdb.org/assets/7f29bd8b3370c71dd379b0e8b570887c/images/no-poster-w185-v2.png,Person
3111,Steve Reevis,1962,https://assets.tmdb.org/assets/7f29bd8b3370c71dd379b0e8b570887c/images/no-poster-w185-v2.png,Person
3112,Joel Coen,1954,https://assets.tmdb.org/assets/7f29bd8b3370c71dd379b0e8b570887c/images/no-poster-w185-v2.png,Person
3113,Ethan Coen,1957,https://assets.tmdb.org/assets/7f29bd8b3370c71dd379b0e8b570887c/images/no-poster-w185-v2.png,Person
3253,Kasi Lemmons,1961,https://assets.tmdb.org/assets/7f29bd8b3370c71dd379b0e8b570887c/images/no-poster-w185-v2.png,Person
3254,Scott Glenn,1941,https://assets.tmdb.org/assets/7f29bd8b3370c71dd379b0e8b570887c/images/no-poster-w185-v2.png,Person
3255,Anthony Heald,1944,https://assets.tmdb.org/assets/7f29bd8b3370c71dd379b0e8b570887c/images/no-poster-w185-v2.png,Person
3256,Frankie Faison,1949,https://assets.tmdb.org/assets/7f29bd8b3370c71dd379b0e8b570887c/images/no-poster-w185-v2.png,Person
3257,Brooke Smith,1967,https://assets.tmdb.org/assets/7f29bd8b3370c71dd379b0e8b570887c/images/no-poster-w185-v2.png,Person
3258,Ted Levine,1957,https://assets.tmdb.org/assets/7f29bd8b3370c71dd379b0e8b570887c/images/no-poster-w185-v2.png,Person
3259,Tracey Walter,1947,https://image.tmdb.org/t/p/w185/kRFzCvB08MVF9T8pLT0V1GiXzXF.jpg,Person
3260,Dan Butler,1954,https://assets.tmdb.org/assets/7f29bd8b3370c71dd379b0e8b570887c/images/no-poster-w185-v2.png,Person
3261,Obba Babatunde,1951,https://image.tmdb.org/t/p/w185/vUYCsIIoasA6rnxGuN7ZjaRIBrn.jpg,Person
3262,Diane Baker,1938,https://assets.tmdb.org/assets/7f29bd8b3370c71dd379b0e8b570887c/images/no-poster-w185-v2.png,Person
3263,Charles Napier,1936,https://image.tmdb.org/t/p/w185/hZ3bCBxnHc7Zvrm3Rt2CPgXSLLT.jpg,Person
3264,Chris Isaak,1956,https://assets.tmdb.org/assets/7f29bd8b3370c71dd379b0e8b570887c/images/no-poster-w185-v2.png,Person
3265,Daniel von Bargen,1950,https://image.tmdb.org/t/p/w185/fFiiZCvBCqQ4xmCzYpMJQ7xboP3.jpg,Person
3266,George A. Romero,1940,https://assets.tmdb.org/assets/7f29bd8b3370c71dd379b0e8b570887c/images/no-poster-w185-v2.png,Person
3267,Jonathan Demme,1944,https://image.tmdb.org/t/p/w185/suxo4qCWhq2Giep8UKhrf8bF4vc.jpg,Person
3268,Ted Tally,1000,https://assets.tmdb.org/assets/7f29bd8b3370c71dd379b0e8b570887c/images/no-poster-w185-v2.png,Person
3269,Thomas Harris,1000,https://assets.tmdb.org/assets/7f29bd8b3370c71dd379b0e8b570887c/images/no-poster-w185-v2.png,Person
3391,Colin Firth,1960,https://assets.tmdb.org/assets/7f29bd8b3370c71dd379b0e8b570887c/images/no-poster-w185-v2.png,Person
3392,Geoffrey Rush,1951,https://image.tmdb.org/t/p/w185/c0jbNjWb9DHm5xfBIeEtHZdZJmI.jpg,Person
3393,Guy Pearce,1967,https://assets.tmdb.org/assets/7f29bd8b3370c71dd379b0e8b570887c/images/no-poster-w185-v2.png,Person
3394,Timothy Spall,1957,https://image.tmdb.org/t/p/w185/wqPqtdxObseJikozhcWLNDU5Pao.jpg,Person
3395,Michael Gambon,1940,https://assets.tmdb.org/assets/7f29bd8b3370c71dd379b0e8b570887c/images/no-poster-w185-v2.png,Person
3396,Derek Jacobi,1938,https://assets.tmdb.org/assets/7f29bd8b3370c71dd379b0e8b570887c/images/no-poster-w185-v2.png,Person
3397,Ramona Marquez,2001,https://assets.tmdb.org/assets/7f29bd8b3370c71dd379b0e8b570887c/images/no-poster-w185-v2.png,Person
3398,Tom Hooper,1000,https://assets.tmdb.org/assets/7f29bd8b3370c71dd379b0e8b570887c/images/no-poster-w185-v2.png,Person
3399,David Seidler,1000,https://assets.tmdb.org/assets/7f29bd8b3370c71dd379b0e8b570887c/images/no-poster-w185-v2.png,Person
3460,Daniel Day-Lewis,1957,https://assets.tmdb.org/assets/7f29bd8b3370c71dd379b0e8b570887c/images/no-poster-w185-v2.png,Person
3461,Kevin J. O'Connor,1963,https://assets.tmdb.org/assets/7f29bd8b3370c71dd379b0e8b570887c/images/no-poster-w185-v2.png,Person
3462,Barry Del Sherman,1962,https://image.tmdb.org/t/p/w185/8uUOdG0fTnPYNkSgPpQDhzxSrjw.jpg,Person
3463,Paul F. Tompkins,1968,https://assets.tmdb.org/assets/7f29bd8b3370c71dd379b0e8b570887c/images/no-poster-w185-v2.png,Person
3464,Paul Thomas Anderson,1970,https://assets.tmdb.org/assets/7f29bd8b3370c71dd379b0e8b570887c/images/no-poster-w185-v2.png,Person
3625,Meryl Streep,1949,https://image.tmdb.org/t/p/w185/oTJj6bLpbmseLww03MOn0eDqYuh.jpg,Person
3626,Anthony Stewart Head,1954,https://assets.tmdb.org/assets/7f29bd8b3370c71dd379b0e8b570887c/images/no-poster-w185-v2.png,Person
3627,Harry Lloyd,1983,https://assets.tmdb.org/assets/7f29bd8b3370c71dd379b0e8b570887c/images/no-poster-w185-v2.png,Person
3628,Iain Glen,1961,https://assets.tmdb.org/assets/7f29bd8b3370c71dd379b0e8b570887c/images/no-poster-w185-v2.png,Person
3629,Olivia Colman,1974,https://assets.tmdb.org/assets/7f29bd8b3370c71dd379b0e8b570887c/images/no-poster-w185-v2.png,Person
3630,Phyllida Lloyd,1957,https://assets.tmdb.org/assets/7f29bd8b3370c71dd379b0e8b570887c/images/no-poster-w185-v2.png,Person
3631,Abi Morgan,1000,https://assets.tmdb.org/assets/7f29bd8b3370c71dd379b0e8b570887c/images/no-poster-w185-v2.png,Person
3681,Sean Connery,1930,https://assets.tmdb.org/assets/7f29bd8b3370c71dd379b0e8b570887c/images/no-poster-w185-v2.png,Person
3682,Andy Garc��a,1956,https://assets.tmdb.org/assets/7f29bd8b3370c71dd379b0e8b570887c/images/no-poster-w185-v2.png,Person
3683,Charles Martin Smith,1953,https://assets.tmdb.org/assets/7f29bd8b3370c71dd379b0e8b570887c/images/no-poster-w185-v2.png,Person
3684,Richard Bradford,1937,https://assets.tmdb.org/assets/7f29bd8b3370c71dd379b0e8b570887c/images/no-poster-w185-v2.png,Person
3685,Billy Drago,1949,https://assets.tmdb.org/assets/7f29bd8b3370c71dd379b0e8b570887c/images/no-poster-w185-v2.png,Person
3686,Patricia Clarkson,1959,https://image.tmdb.org/t/p/w185/10ZSyaUqzUlKTd60HmeiGhlytZG.jpg,Person
3687,Don Harvey,1960,https://assets.tmdb.org/assets/7f29bd8b3370c71dd379b0e8b570887c/images/no-poster-w185-v2.png,Person
3688,Brian De Palma,1940,https://assets.tmdb.org/assets/7f29bd8b3370c71dd379b0e8b570887c/images/no-poster-w185-v2.png,Person
3689,Art Linson,1000,https://assets.tmdb.org/assets/7f29bd8b3370c71dd379b0e8b570887c/images/no-poster-w185-v2.png,Person
3690,David Mamet,1947,https://assets.tmdb.org/assets/7f29bd8b3370c71dd379b0e8b570887c/images/no-poster-w185-v2.png,Person
3754,Philip Seymour Hoffman,1967,https://assets.tmdb.org/assets/7f29bd8b3370c71dd379b0e8b570887c/images/no-poster-w185-v2.png,Person
3755,Kwesi Ameyaw,1975,https://assets.tmdb.org/assets/7f29bd8b3370c71dd379b0e8b570887c/images/no-poster-w185-v2.png,Person
3756,Chris Cooper,1951,https://assets.tmdb.org/assets/7f29bd8b3370c71dd379b0e8b570887c/images/no-poster-w185-v2.png,Person
3757,Clifton Collins  Jr.,1970,https://assets.tmdb.org/assets/7f29bd8b3370c71dd379b0e8b570887c/images/no-poster-w185-v2.png,Person
3758,Mark Pellegrino,1965,https://assets.tmdb.org/assets/7f29bd8b3370c71dd379b0e8b570887c/images/no-poster-w185-v2.png,Person
3759,Amy Ryan,1969,https://assets.tmdb.org/assets/7f29bd8b3370c71dd379b0e8b570887c/images/no-poster-w185-v2.png,Person
3760,Bennett Miller,1966,https://assets.tmdb.org/assets/7f29bd8b3370c71dd379b0e8b570887c/images/no-poster-w185-v2.png,Person
3761,Dan Futterman,1967,https://assets.tmdb.org/assets/7f29bd8b3370c71dd379b0e8b570887c/images/no-poster-w185-v2.png,Person
3916,Anna Faris,1976,https://assets.tmdb.org/assets/7f29bd8b3370c71dd379b0e8b570887c/images/no-poster-w185-v2.png,Person
3917,Giovanni Ribisi,1974,https://image.tmdb.org/t/p/w185/mLQrEU7X7GD5V7i1clGRqpg8PVk.jpg,Person
